city,rank,image,region,country,stadium,capacity,home_team,location
Pyongyang,1,https://upload.wikimedia.org/wikipedia/commons/thumb/8/81/Arirang_Mass_Games_12.JPG/250px-Arirang_Mass_Games_12.JPG,East Asia,North Korea,Rungrado 1st of May Stadium,0,Korea DPR national football team  Korea DPR women's national football team  April 25,"[39.0496732, 125.7753215]"
Ann Arbor  Michigan,2,https://upload.wikimedia.org/wikipedia/commons/thumb/3/36/Real_Madrid_vs._Manchester_United_August_2nd%2C_2014.jpg/250px-Real_Madrid_vs._Manchester_United_August_2nd%2C_2014.jpg,North America,United States,Michigan Stadium,0,Michigan Wolverines football,"[42.2658749, -83.7486841]"
Columbus  Ohio,3,https://upload.wikimedia.org/wikipedia/commons/thumb/f/fc/Panoramic_view_of_Ohio_Stadium.jpg/250px-Panoramic_view_of_Ohio_Stadium.jpg,North America,United States,Ohio Stadium,0,Ohio State Buckeyes football,"[40.0016458, -83.0197374]"
Melbourne  Victoria,4,https://upload.wikimedia.org/wikipedia/commons/thumb/b/b4/MCG_Panorama_24_July_2015.jpg/250px-MCG_Panorama_24_July_2015.jpg,Oceania,Australia,Melbourne Cricket Ground,0,Australia national cricket team  Victoria cricket team  Melbourne Cricket Club  Melbourne Stars  Melbourne FC  Richmond FC  Collingwood FC  Hawthorn FC,"[-37.819909, 144.983225]"
Barcelona  Catalonia,5,https://upload.wikimedia.org/wikipedia/commons/thumb/0/0e/Camp_Nou_Experience_%28_Ank_Kumar%2C_INFOSYS_Limited_%29_07.jpg/250px-Camp_Nou_Experience_%28_Ank_Kumar%2C_INFOSYS_Limited_%29_07.jpg,Europe,Spain,Camp Nou,0,FC Barcelona,"[41.3807673, 2.1158684]"
Johannesburg  Gauteng,6,https://upload.wikimedia.org/wikipedia/commons/thumb/c/c0/First_game_of_the_2010_FIFA_World_Cup%2C_South_Africa_vs_Mexico.jpg/250px-First_game_of_the_2010_FIFA_World_Cup%2C_South_Africa_vs_Mexico.jpg,Africa,South Africa,FNB Stadium,0,South Africa national football team  Kaizer Chiefs,"[-26.2347063, 27.9826439]"
New Administrative Capital,7,https://upload.wikimedia.org/wikipedia/commons/thumb/0/0a/No-image-available.png/480px-No-image-available.png,Africa,Egypt,New Admin­is­trative Capital Stadium,0,Egypt national football team,"[29.8921738, 31.673227]"
Pasadena  California,8,https://upload.wikimedia.org/wikipedia/commons/thumb/d/d2/Rose_Bowl%2C_panorama.jpg/250px-Rose_Bowl%2C_panorama.jpg,North America,United States,Rose Bowl Stadium,0,UCLA Bruins,"[34.1613492, -118.1676674]"
Dallas  Texas,9,https://upload.wikimedia.org/wikipedia/commons/thumb/5/52/2019_State_Fair_Classic_01_%28Cotton_Bowl%29.jpg/250px-2019_State_Fair_Classic_01_%28Cotton_Bowl%29.jpg,North America,United States,Cotton Bowl Stadium,0,Dallas Trinity FC,"[32.7796119, -96.7596025]"
London  England,10,https://upload.wikimedia.org/wikipedia/commons/thumb/b/bb/Post_L2_Play-Off_Final.jpg/250px-Post_L2_Play-Off_Final.jpg,Europe,England,Wembley Stadium,0,England national football team,"[51.5560695, -0.2796034]"
Lusail,11,https://upload.wikimedia.org/wikipedia/en/thumb/a/a3/Lusail_Stadium.jpg/250px-Lusail_Stadium.jpg,West Asia,Qatar,Lusail Stadium,0,Qatar national football team,"[25.4208329, 51.4904784]"
Mexico City,12,https://upload.wikimedia.org/wikipedia/commons/thumb/c/ca/Panor%C3%A1mica_esquina_noreste.jpg/250px-Panor%C3%A1mica_esquina_noreste.jpg,North America,Mexico,Estadio Azteca,0,Club América  Mexico national football team,"[19.3029794, -99.15047]"
Kuala Lumpur,13,https://upload.wikimedia.org/wikipedia/commons/thumb/a/a1/National_Stadium_Bukit_Jalil_2018_AFF_Suzuki_Cup_final.png/250px-National_Stadium_Bukit_Jalil_2018_AFF_Suzuki_Cup_final.png,Southeast Asia,Malaysia,Bukit Jalil National Stadium,0,Malaysia national football team,"[3.0546755, 101.691369]"
Alexandria,14,https://upload.wikimedia.org/wikipedia/commons/thumb/1/1a/Borg_el_arab_stadium.jpg/250px-Borg_el_arab_stadium.jpg,Africa,Egypt,Borg El-Arab Stadium,0,Egypt national football team  Al Ittihad  Smouha,"[30.9998511, 29.7296488]"
Buenos Aires,15,https://upload.wikimedia.org/wikipedia/commons/thumb/c/c8/Estadio_Monumental.jpg/250px-Estadio_Monumental.jpg,South America,Argentina,Estadio Mâs Monumental,0,Argentina national football team  River Plate,"[-34.5452932, -58.4497385]"
Madrid,16,https://upload.wikimedia.org/wikipedia/commons/thumb/0/0e/Estadio_Santiago_Bernab%C3%A9u_Madrid.jpg/250px-Estadio_Santiago_Bernab%C3%A9u_Madrid.jpg,Europe,Spain,Estadio Santiago Bernabéu,0,Real Madrid,"[40.4530225, -3.6874219999999998]"
Kolkata,17,https://upload.wikimedia.org/wikipedia/commons/thumb/5/5f/Salt_Lake_Stadium_during_FIFA_U17_World_Cup_2017_....jpg/250px-Salt_Lake_Stadium_during_FIFA_U17_World_Cup_2017_....jpg,South Asia,India,Salt Lake Stadium,0,India national football team  Mohun Bagan Super Giant  East Bengal FC  Mohammedan SC,"[22.5690604, 88.4090201]"
Sydney  New South Wales,18,https://upload.wikimedia.org/wikipedia/commons/thumb/f/f7/State_of_Origin_Game_II_2018.jpg/250px-State_of_Origin_Game_II_2018.jpg,Oceania,Australia,Stadium Australia,0,South Sydney Rabbitohs  Canterbury-Bankstown Bulldogs  New South Wales Blues  New South Wales Waratahs  Australia men's national soccer team  Australia national rugby union team,"[-33.8471082, 151.0633848]"
East Rutherford  New Jersey,19,https://upload.wikimedia.org/wikipedia/commons/thumb/5/54/Copa_America_game_between_Columbia_vs_Peru_at_the_MetLife_Stadium.jpg/250px-Copa_America_game_between_Columbia_vs_Peru_at_the_MetLife_Stadium.jpg,North America,United States,MetLife Stadium,0,New York Giants  New York Jets  United States men's national soccer team,"[40.813507, -74.0743442]"
Dublin,20,https://upload.wikimedia.org/wikipedia/commons/thumb/9/91/Croke_park_all_ireland.jpg/250px-Croke_park_all_ireland.jpg,Europe,Ireland,Croke Park,0,Gaelic Athletic Association  Dublin GAA,"[53.3603576, -6.2509812]"
Jakarta,21,https://upload.wikimedia.org/wikipedia/commons/thumb/b/b2/Jakarta_International_Stadium_interior.jpg/250px-Jakarta_International_Stadium_interior.jpg,Southeast Asia,Indonesia,Jakarta International Stadium,0,Persija Jakarta  Indonesia national football team,"[-6.1250747, 106.860201]"
Green Bay  Wisconsin,22,https://upload.wikimedia.org/wikipedia/commons/thumb/2/27/Lambeau_Field_bowl.jpg/250px-Lambeau_Field_bowl.jpg,North America,United States,Lambeau Field,0,Green Bay Packers,"[44.5009705, -88.0619681]"
Dortmund,23,https://upload.wikimedia.org/wikipedia/commons/thumb/3/38/Signal_iduna_park.jpg/250px-Signal_iduna_park.jpg,Europe,Germany,Signal Iduna Park,0,Borussia Dortmund,"[51.4924922, 7.4518549]"
Saint-Denis,24,https://upload.wikimedia.org/wikipedia/commons/thumb/5/53/StadeFranceNationsLeague2018.jpg/250px-StadeFranceNationsLeague2018.jpg,Europe,France,Stade de France,0,France national football team,"[48.9244726, 2.3601324999999997]"
Moscow,25,https://upload.wikimedia.org/wikipedia/commons/thumb/3/3c/Luzhniki_Stadium2.jpg/250px-Luzhniki_Stadium2.jpg,Europe,Russia,Grand Sports Arena of the Luzhniki Olympic Complex,0,,"[55.7157445, 37.5537673]"
Shah Alam  Selangor,26,https://upload.wikimedia.org/wikipedia/commons/thumb/9/99/Shah_Alam_Stadium_%28inside%29.jpg/250px-Shah_Alam_Stadium_%28inside%29.jpg,Southeast Asia,Malaysia,Shah Alam Stadium,0,Selangor FA,"[3.0821312, 101.5451144]"
Lima,27,https://upload.wikimedia.org/wikipedia/commons/thumb/f/fa/Estadio_Monumental_U_vs_SF.jpg/250px-Estadio_Monumental_U_vs_SF.jpg,South America,Peru,Estadio Monumental,0,Club Universitario de Deportes,"[-12.0556474, -76.9353339]"
Milan  Lombardy,28,https://upload.wikimedia.org/wikipedia/commons/thumb/a/a3/Stadio_Giuseppe_Meazza%2C_San_Siro%2C_Milan_%283326869632%29.jpg/250px-Stadio_Giuseppe_Meazza%2C_San_Siro%2C_Milan_%283326869632%29.jpg,Europe,Italy,Stadio Giuseppe Meazza,0,AC Milan and Internazionale,"[45.4782003, 9.123964]"
Guangzhou  Guangdong,29,https://upload.wikimedia.org/wikipedia/commons/thumb/f/f7/Stade_Olympique_Guangdong.JPG/250px-Stade_Olympique_Guangdong.JPG,East Asia,China,Guangdong Olympic Stadium,0,,"[23.1380362, 113.4034296]"
Hangzhou  Zhejiang,30,https://upload.wikimedia.org/wikipedia/commons/thumb/4/4c/Hangzhou_Olympic_Sports_Center_Stadium2021.jpg/250px-Hangzhou_Olympic_Sports_Center_Stadium2021.jpg,East Asia,China,Hangzhou Olympic Sports Expo Centre Stadium,0,,"[30.2317101, 120.2254884]"
Arlington  Texas,31,https://upload.wikimedia.org/wikipedia/commons/thumb/5/52/Cowboys_Stadium_full_view.jpg/250px-Cowboys_Stadium_full_view.jpg,North America,United States,AT&T Stadium,0,Dallas Cowboys  FC Dallas,"[32.7478502, -97.0928337]"
Kinshasa,32,https://upload.wikimedia.org/wikipedia/commons/thumb/3/3b/Stade_des_Martyrs_de_la_Pentec%C3%B4te.jpg/250px-Stade_des_Martyrs_de_la_Pentec%C3%B4te.jpg,Africa,DR Congo,Stade des Martyrs,0,Congo DR national football team,"[-5.9280631, 22.309603]"
Beijing,33,https://upload.wikimedia.org/wikipedia/commons/thumb/5/51/Beijing_National_Stadium_2014_2.jpg/250px-Beijing_National_Stadium_2014_2.jpg,East Asia,China,Beijing National Stadium,0,,"[40.0160281, 116.3713841]"
Rio de Janeiro  Rio de Janeiro,34,https://upload.wikimedia.org/wikipedia/commons/thumb/f/fe/Bosnia_players_at_Maracan%C3%A3_15_June_2014.jpg/250px-Bosnia_players_at_Maracan%C3%A3_15_June_2014.jpg,South America,Brazil,Maracanã,0,CR Flamengo  Fluminense FC  Botafogo FR  CR Vasco da Gama,"[-22.9121619, -43.2311861]"
Los Angeles  California,35,https://upload.wikimedia.org/wikipedia/commons/thumb/2/25/USC_vs_University_of_Oregon_November_2019.png/250px-USC_vs_University_of_Oregon_November_2019.png,North America,United States,Los Angeles Memorial Coliseum,0,USC Trojans,"[34.0139159, -118.2877996]"
Tehran,36,https://upload.wikimedia.org/wikipedia/commons/thumb/7/78/Azadi_Stadium_%287%29.jpg/250px-Azadi_Stadium_%287%29.jpg,West Asia,Iran,Azadi Stadium,0,Iran national football team  Esteghlal FC  Persepolis FC,"[35.7244962, 51.2755487]"
Jakarta,37,https://upload.wikimedia.org/wikipedia/commons/thumb/2/29/Gbk_persija_arema_20190803.jpg/250px-Gbk_persija_arema_20190803.jpg,Southeast Asia,Indonesia,Stadion Utama Gelora Bung Karno,0,Indonesia national football team,"[-6.218536, 106.8026353]"
New Orleans  Louisiana,38,https://upload.wikimedia.org/wikipedia/commons/thumb/a/a1/The_Dome_New_Orleans_Man_Trip.jpg/250px-The_Dome_New_Orleans_Man_Trip.jpg,North America,United States,Caesar's Superdome,0,New Orleans Saints  Sugar Bowl,"[29.9476632, -90.0691948]"
Kansas City  Missouri,39,https://upload.wikimedia.org/wikipedia/commons/thumb/1/10/25_July_2010_Kansas_City_Wizards_vs_Manchester_United_friendly.jpg/250px-25_July_2010_Kansas_City_Wizards_vs_Manchester_United_friendly.jpg,North America,United States,Arrowhead Stadium,0,Kansas City Chiefs,"[39.0489357, -94.4839993]"
Denver,40,https://upload.wikimedia.org/wikipedia/commons/thumb/4/49/SAF_at_Mile_High_AFC_Championship_game_pom-poms.jpg/250px-SAF_at_Mile_High_AFC_Championship_game_pom-poms.jpg,North America,United States,Empower Field,0,Denver Broncos,"[39.743952, -105.0192228]"
Istanbul,41,https://upload.wikimedia.org/wikipedia/commons/thumb/6/68/Istanbul_Atat%C3%BCrk_Olympic_Stadium_2.jpg/250px-Istanbul_Atat%C3%BCrk_Olympic_Stadium_2.jpg,Europe,Turkey,Atatürk Olimpiyat Stadyumu,0,,"[41.0744732, 28.7656611]"
Manchester  North West England,42,https://upload.wikimedia.org/wikipedia/commons/thumb/b/bd/Manchester_United_old_trafford_Ank_Kumar_01.jpg/250px-Manchester_United_old_trafford_Ank_Kumar_01.jpg,Europe,England,Old Trafford,0,Manchester United,"[53.4631095, -2.2913864999999998]"
Munich,43,https://upload.wikimedia.org/wikipedia/commons/thumb/d/dc/Allianz_Arena_%28Bayern_Munich%29.jpg/250px-Allianz_Arena_%28Bayern_Munich%29.jpg,Europe,Germany,Allianz Arena,0,FC Bayern Munich,"[48.2187901, 11.6236227]"
Isfahan,44,https://upload.wikimedia.org/wikipedia/commons/thumb/4/4f/Naghsh_Jahan_Stadium.jpg/250px-Naghsh_Jahan_Stadium.jpg,West Asia,Iran,Naghsh-e-Jahan Stadium,0,Sepahan FC,"[32.7424558, 51.686181]"
Charlotte  North Carolina,45,https://upload.wikimedia.org/wikipedia/commons/thumb/8/85/Bank_of_America_Stadium_soccer.jpg/250px-Bank_of_America_Stadium_soccer.jpg,North America,United States,Bank of America Stadium,0,Charlotte FC  Carolina Panthers,"[35.225774, -80.8528276]"
Cardiff,46,https://upload.wikimedia.org/wikipedia/commons/thumb/e/e6/Millennium_Stadium_-_Glanmor%E2%80%99s_Gap.jpg/250px-Millennium_Stadium_-_Glanmor%E2%80%99s_Gap.jpg,Europe,Wales,Principality Stadium,0,Wales national rugby union team,"[51.4782485, -3.1826256]"
Berlin,47,https://upload.wikimedia.org/wikipedia/commons/thumb/5/52/Berlin_Olympiastadion_nach_Umbau.jpg/250px-Berlin_Olympiastadion_nach_Umbau.jpg,Europe,Germany,Olympia­stadion,0,Hertha BSC,"[52.5145846, 13.2398144]"
Cairo,48,https://upload.wikimedia.org/wikipedia/commons/thumb/b/bc/Cairo_Stadium_Afcon_u23_2019.jpg/250px-Cairo_Stadium_Afcon_u23_2019.jpg,Africa,Egypt,Cairo International Stadium,0,Egypt national football team  Al Ahly  Zamalek,"[30.0690313, 31.3122096]"
Cleveland,49,https://upload.wikimedia.org/wikipedia/commons/thumb/f/f1/FirstEnergy_Stadium_panorama_2016.jpg/250px-FirstEnergy_Stadium_panorama_2016.jpg,North America,United States,FirstEnergy Stadium,0,Cleveland Browns,"[41.5060559, -81.6997118]"
Brasília  Distrito Federal,50,https://upload.wikimedia.org/wikipedia/commons/thumb/d/da/Est%C3%A1dio_Nacional_Bras%C3%ADlia.jpg/250px-Est%C3%A1dio_Nacional_Bras%C3%ADlia.jpg,South America,Brazil,Estádio Nacional Mané Garrincha,0,Brasília FC  Legião FC,"[-15.7837498, -47.8990287]"
Rome  Lazio,51,https://upload.wikimedia.org/wikipedia/commons/thumb/6/64/The_Stadio_Olimpico_during_a_match_between_AS_Roma_and_Sampdoria.jpg/250px-The_Stadio_Olimpico_during_a_match_between_AS_Roma_and_Sampdoria.jpg,Europe,Italy,Stadio Olimpico,0,AS Roma  Lazio,"[41.9339424, 12.4547705]"
Yokohama  Kanagawa,52,https://upload.wikimedia.org/wikipedia/commons/thumb/9/91/International_Stadium_Yokohama-1.jpg/250px-International_Stadium_Yokohama-1.jpg,East Asia,Japan,Nissan Stadium,0,Yokohama F. Marinos  Yokohama Eagles,"[35.5099882, 139.6063825]"
Houston  Texas,53,https://upload.wikimedia.org/wikipedia/commons/thumb/d/dc/The_Texans_at_Reliant_Park_1_Jan_2012.jpg/250px-The_Texans_at_Reliant_Park_1_Jan_2012.jpg,North America,United States,NRG Stadium,0,Houston Texans  Houston Dynamo FC,"[29.6848581, -95.4108015]"
Shanghai,54,https://upload.wikimedia.org/wikipedia/commons/thumb/d/de/Shanghai_Stadium_2008.JPG/250px-Shanghai_Stadium_2008.JPG,East Asia,China,Shanghai Stadium,0,Shanghai Shenhua,"[31.1833432, 121.4373709]"
Baltimore,55,https://upload.wikimedia.org/wikipedia/commons/thumb/9/92/M%26T_Bank_Stadium_USA_soccer.JPG/250px-M%26T_Bank_Stadium_USA_soccer.JPG,North America,United States,M&T Bank Stadium,0,Baltimore Ravens,"[39.2779734, -76.6226651]"
Atlanta  Georgia,56,https://upload.wikimedia.org/wikipedia/commons/thumb/f/f2/Mercedes_Benz_Stadium_interior_2017-08-25_1.jpg/250px-Mercedes_Benz_Stadium_interior_2017-08-25_1.jpg,North America,United States,Mercedes-Benz Stadium,0,Atlanta United FC  Atlanta Falcons,"[33.7554123, -84.4008493]"
Madrid,57,https://upload.wikimedia.org/wikipedia/commons/thumb/0/05/Wanda-Metropolitano.jpg/250px-Wanda-Metropolitano.jpg,Europe,Spain,Riyadh Air Metropolitano,0,Atlético de Madrid,"[40.436053, -3.5997152999999997]"
Kyiv,58,https://upload.wikimedia.org/wikipedia/commons/thumb/0/0d/Kyiv_NSC_Olimpiyskyi_5.jpg/250px-Kyiv_NSC_Olimpiyskyi_5.jpg,Europe,Ukraine,Olympic National Sports Complex Stadium,0,Ukraine national football team  FC Dynamo Kyiv,"[50.4333967, 30.5230174]"
Inglewood  California,59,https://upload.wikimedia.org/wikipedia/commons/thumb/b/b0/SoFi_Stadium_interior_2021.jpg/250px-SoFi_Stadium_interior_2021.jpg,North America,United States,SoFi Stadium,0,,"[33.9534074, -118.3390098]"
Seoul,60,https://upload.wikimedia.org/wikipedia/commons/thumb/e/e5/%E8%9A%95%E5%AE%A4_03.jpg/250px-%E8%9A%95%E5%AE%A4_03.jpg,East Asia,South Korea,Seoul Olympic Stadium,0,,"[37.5158632, 127.0727891]"
Baku,61,https://upload.wikimedia.org/wikipedia/en/thumb/0/0d/Baku_National_Stadium.jpg/250px-Baku_National_Stadium.jpg,West Asia,Azerbaijan,Bakı Olimpiya stadionu,0,Azerbaijan national football team,"[40.429982, 49.919531]"
Marousi  Attica,62,https://upload.wikimedia.org/wikipedia/en/thumb/d/d6/Olympic_Stadium_at_Athens_before_a_home_game_of_Panathinaikos_on_February_2%2C_2013.jpg/250px-Olympic_Stadium_at_Athens_before_a_home_game_of_Panathinaikos_on_February_2%2C_2013.jpg,Europe,Greece,Olympic Stadium,0,Greece national football team,"[38.0325514, 23.7944433]"
Rabat,63,https://upload.wikimedia.org/wikipedia/commons/thumb/0/09/Moulay_Abdellah_Stadium.jpg/250px-Moulay_Abdellah_Stadium.jpg,Africa,Morocco,Prince Moulay Abdellah Stadium,0,Morocco national team  AS FAR,"[33.959835, -6.8881993999999995]"
Munich,64,https://upload.wikimedia.org/wikipedia/commons/thumb/3/35/M%C3%BCnchener_Olympiastadion.jpg/250px-M%C3%BCnchener_Olympiastadion.jpg,Europe,Germany,Olympia­stadion München,0,,"[48.1731314, 11.5464786]"
Seattle  Washington,65,https://upload.wikimedia.org/wikipedia/commons/thumb/5/53/Qwest_Field_North.jpg/250px-Qwest_Field_North.jpg,North America,United States,Lumen Field,0,Seattle Sounders FC  Seattle Seahawks,"[47.5953459, -122.3316443]"
Mexico City,66,https://upload.wikimedia.org/wikipedia/commons/thumb/f/f2/Estadio_Pumas.jpg/250px-Estadio_Pumas.jpg,North America,Mexico,Estadio Olímpico Universitario,0,UNAM Pumas,"[19.3316881, -99.1922864]"
Foxborough  Massachusetts,67,https://upload.wikimedia.org/wikipedia/commons/thumb/8/8c/Stadiumguillete_%28cropped%29.jpg/250px-Stadiumguillete_%28cropped%29.jpg,North America,United States,Gillette Stadium,0,New England Patriots  New England Revolution,"[42.0908879, -71.2641731]"
Jeddah,68,https://upload.wikimedia.org/wikipedia/commons/thumb/6/68/Jawhara_Stadium.jpg/250px-Jawhara_Stadium.jpg,West Asia,Saudi Arabia,King Abdullah Sports City Stadium,0,Saudi Arabia national football team  Al-Ahli Saudi FC  Al-Ittihad Saudi Club,"[26.3790481, 43.9477172]"
Philadelphia,69,https://upload.wikimedia.org/wikipedia/commons/thumb/3/36/USA-Turkey-Linc.jpg/250px-USA-Turkey-Linc.jpg,North America,United States,Lincoln Financial Field,0,Philadelphia Eagles  Temple Owls football,"[39.9009099, -75.1674892]"
Santa Clara  California,70,https://upload.wikimedia.org/wikipedia/commons/thumb/0/00/Entering_Levi%27s_Stadium.JPG/250px-Entering_Levi%27s_Stadium.JPG,North America,United States,Levi's Stadium,0,San Francisco 49ers,"[37.4029867, -121.9696489]"
Pittsburgh,71,https://upload.wikimedia.org/wikipedia/commons/thumb/2/23/Heinz_Field_NHL_Winter_Classic.jpg/250px-Heinz_Field_NHL_Winter_Classic.jpg,North America,United States,Acrisure Stadium,0,Pittsburgh Steelers  Pittsburgh Panthers football,"[40.4467166, -80.0157199]"
Saint Petersburg,72,https://upload.wikimedia.org/wikipedia/commons/thumb/1/1c/Fina-l2017.jpg/250px-Fina-l2017.jpg,Europe,Russia,Gazprom Arena,0,FC Zenit Saint Petersburg,"[59.9723766, 30.2210608]"
Lisbon,73,https://upload.wikimedia.org/wikipedia/commons/thumb/1/1b/LuzLissabon.jpg/250px-LuzLissabon.jpg,Europe,Portugal,Estádio do Sport Lisboa e Benfica,0,Benfica,"[38.7526893, -9.1846899]"
Tokyo,74,https://upload.wikimedia.org/wikipedia/commons/thumb/7/7c/Drones_durante_a_abertura_das_Olimp%C3%ADadas_de_T%C3%B3quio.jpg/250px-Drones_durante_a_abertura_das_Olimp%C3%ADadas_de_T%C3%B3quio.jpg,East Asia,Japan,National Stadium,0,,"[35.6778596, 139.7135142]"
Jacksonville  Florida,75,https://upload.wikimedia.org/wikipedia/commons/thumb/3/36/2009_Gator_Bowl.jpg/250px-2009_Gator_Bowl.jpg,North America,United States,TIAA Bank Field,0,Jacksonville Jaguars,"[30.3296041, -81.6606327]"
Marseille,76,https://upload.wikimedia.org/wikipedia/commons/thumb/8/85/Stade_V%C3%A9lodrome_1.jpg/250px-Stade_V%C3%A9lodrome_1.jpg,Europe,France,Orange Vélodrome,0,Olympique de Marseille,"[43.269835, 5.3959117]"
Budapest,77,https://upload.wikimedia.org/wikipedia/commons/thumb/3/3a/Pusk%C3%A1s_Ar%C3%A9na_01.jpg/250px-Pusk%C3%A1s_Ar%C3%A9na_01.jpg,Europe,Hungary,Puskás Aréna,0,Hungary national football team,"[47.503109, 19.0980509]"
Edinburgh,78,https://upload.wikimedia.org/wikipedia/commons/thumb/a/a1/Murrayfield_Stadium_-_geograph.org.uk_-_1246737.jpg/250px-Murrayfield_Stadium_-_geograph.org.uk_-_1246737.jpg,Europe,Scotland,Scottish Gas Murrayfield Stadium,0,Scotland national rugby union team,"[55.9423132, -3.2408951]"
Casablanca,79,https://upload.wikimedia.org/wikipedia/commons/thumb/7/70/Stade_Mohamed_V%2C_Casablanca.jpg/250px-Stade_Mohamed_V%2C_Casablanca.jpg,Africa,Morocco,Stade Mohammed V,0,Wydad  Raja  Morocco national team,"[33.5828249, -7.6468329]"
Indianapolis  Indiana,80,https://upload.wikimedia.org/wikipedia/commons/thumb/8/89/LucasOilStadiumTheLuke.jpg/250px-LucasOilStadiumTheLuke.jpg,North America,United States,Lucas Oil Stadium,0,Indianapolis Colts,"[39.7590621, -86.1638376]"
São Paulo  São Paulo,81,https://upload.wikimedia.org/wikipedia/commons/thumb/1/13/Estadio_Morumbi_2014.jpg/250px-Estadio_Morumbi_2014.jpg,South America,Brazil,MorumBIS,0,São Paulo FC,"[-23.6001016, -46.7201264]"
St. Louis,82,https://upload.wikimedia.org/wikipedia/commons/thumb/b/bd/2005_NCAA_North_Carolina_v_Michigan_State.JPG/250px-2005_NCAA_North_Carolina_v_Michigan_State.JPG,North America,United States,The Dome,0,St. Louis BattleHawks,"[42.7786911, -73.1701063]"
Tabriz,83,https://upload.wikimedia.org/wikipedia/commons/thumb/1/12/Yadegar_Emam_stadium_at_night_-_panoramio.jpg/250px-Yadegar_Emam_stadium_at_night_-_panoramio.jpg,West Asia,Iran,Yadegar-e-Emam Stadium,0,Tractor Sazi FC,"[38.0738612, 46.2978789]"
Seoul,84,https://upload.wikimedia.org/wikipedia/commons/thumb/b/b8/AFC_Champions_League_Final_1st_leg.jpg/250px-AFC_Champions_League_Final_1st_leg.jpg,East Asia,South Korea,Seoul World Cup Stadium,0,FC Seoul,"[37.5683021, 126.8972477]"
Minneapolis,85,https://upload.wikimedia.org/wikipedia/commons/thumb/6/6a/Looking_South-US_Bank_Stadium.jpg/250px-Looking_South-US_Bank_Stadium.jpg,North America,United States,US Bank Stadium,0,Minnesota Vikings,"[44.9736155, -93.2574663]"
Daegu,86,https://upload.wikimedia.org/wikipedia/commons/thumb/d/da/Daegu.Stadium.original.2167.jpg/250px-Daegu.Stadium.original.2167.jpg,East Asia,South Korea,Daegu Stadium,0,Daegu FC,"[35.8297517, 128.6901254]"
Beijing,87,https://upload.wikimedia.org/wikipedia/commons/thumb/5/58/New_Workers%27_Stadium_under_construction_%2820221025141129%29.jpg/250px-New_Workers%27_Stadium_under_construction_%2820221025141129%29.jpg,East Asia,China,Workers' Stadium,0,Beijing Guoan  China national football team,"[39.9323548, 116.4442038]"
London,88,https://upload.wikimedia.org/wikipedia/commons/thumb/b/b1/London_Stadium_panorama_picture.jpg/250px-London_Stadium_panorama_picture.jpg,Europe,England,London Stadium,0,West Ham United,"[51.5386206, -0.016623799999999998]"
Tampa  Florida,89,https://upload.wikimedia.org/wikipedia/commons/thumb/9/9d/RaymondJamesStadium2022.jpg/250px-RaymondJamesStadium2022.jpg,North America,United States,Raymond James Stadium,0,Tampa Bay Buccaneers  South Florida Bulls football  Tampa Bay Vipers,"[27.9759793, -82.5033545]"
Miami Gardens  Florida,90,https://upload.wikimedia.org/wikipedia/commons/thumb/9/99/Interior_of_updated_Hard_Rock_Stadium.jpg/250px-Interior_of_updated_Hard_Rock_Stadium.jpg,North America,United States,Hard Rock Stadium,0,Miami Dolphins  Miami Hurricanes football,"[25.9579031, -80.2388497]"
Montreal  Quebec,91,https://upload.wikimedia.org/wikipedia/commons/thumb/f/fc/Montreal_Impact_CONCACAF_FINAL.jpg/250px-Montreal_Impact_CONCACAF_FINAL.jpg,North America,Canada,Olympic Stadium,0,CF Montréal,"[45.5577984, -73.5516458]"
Basra,92,https://upload.wikimedia.org/wikipedia/commons/thumb/6/62/Basra_International_Stadium_Opening_2.JPG/250px-Basra_International_Stadium_Opening_2.JPG,West Asia,Iraq,Basra International Stadium,0,Iraq national football team,"[30.4399273, 47.779863399999996]"
Orlando  Florida,93,https://upload.wikimedia.org/wikipedia/commons/thumb/4/4c/Citrus_Bowl%2C_Construction_progress.jpg/250px-Citrus_Bowl%2C_Construction_progress.jpg,North America,United States,Camping World Stadium,0,,"[28.5390398, -81.4027504]"
San Antonio,94,https://upload.wikimedia.org/wikipedia/commons/thumb/0/0d/Alamodome_Conference_USA_Championship.jpg/250px-Alamodome_Conference_USA_Championship.jpg,North America,United States,Alamodome,0,UTSA Roadrunners football,"[29.4168923, -98.4788949]"
Detroit,95,https://upload.wikimedia.org/wikipedia/commons/thumb/b/b3/FordField-2008NCAAtournament-MidwestRegional.jpg/250px-FordField-2008NCAAtournament-MidwestRegional.jpg,North America,United States,Ford Field,0,Detroit Lions,"[42.3399567, -83.0456166]"
Tangier,96,https://upload.wikimedia.org/wikipedia/commons/thumb/9/93/Stade_Ibn_Batuta%2C_Tanger.jpg/250px-Stade_Ibn_Batuta%2C_Tanger.jpg,Africa,Morocco,Stade Ibn Battuta,0,IR Tanger  Morocco national team,"[35.7412689, -5.8580825]"
Algiers,97,https://upload.wikimedia.org/wikipedia/commons/thumb/a/a0/Stade_5_Juillet_1962.jpg/250px-Stade_5_Juillet_1962.jpg,Africa,Algeria,Stade du 5 Juillet,0,Algeria national football team,"[36.7595143, 2.9952724]"
Fortaleza  Ceará,98,https://upload.wikimedia.org/wikipedia/commons/thumb/e/ec/Castel%C3%A3o_Arena_%285%29.jpg/250px-Castel%C3%A3o_Arena_%285%29.jpg,South America,Brazil,Castelão,0,Ceará SC  Fortaleza EC,"[-3.806742, -38.5216794]"
Saitama,99,https://upload.wikimedia.org/wikipedia/commons/thumb/6/60/Saitama_Stadium_Panorama.jpg/250px-Saitama_Stadium_Panorama.jpg,East Asia,Japan,Saitama Stadium 2002,0,Urawa Red Diamonds  Saitama Wild Knights,"[35.90308, 139.7168256]"
Johannesburg  Gauteng,100,https://upload.wikimedia.org/wikipedia/commons/thumb/b/bc/Warm-ups_at_Brazil_%26_North_Korea_match_at_FIFA_World_Cup_2010-06-15_1.jpg/250px-Warm-ups_at_Brazil_%26_North_Korea_match_at_FIFA_World_Cup_2010-06-15_1.jpg,Africa,South Africa,Ellis Park Stadium,0,Orlando Pirates FC  Emirates Johannesburg Lions,"[-26.1974789, 28.0607682]"
London,101,https://upload.wikimedia.org/wikipedia/commons/thumb/8/8c/Spurs_stadium_January_2020.jpg/250px-Spurs_stadium_January_2020.jpg,Europe,England,Tottenham Hotspur Stadium,0,Tottenham Hotspur,"[51.604157, -0.0662604]"
Gelsenkirchen,102,https://upload.wikimedia.org/wikipedia/commons/thumb/d/d2/080110_schalke_arena_germany.JPG/250px-080110_schalke_arena_germany.JPG,Europe,Germany,VELTINS-Arena,0,FC Schalke 04,"[51.5545938, 7.0676001]"
Qingdao  Shandong,103,https://upload.wikimedia.org/wikipedia/commons/thumb/7/77/Qingdao_Guoxin_Stadium.jpg/250px-Qingdao_Guoxin_Stadium.jpg,East Asia,China,Yizhong Sports Centre Stadium,0,Qingdao Jonoon FC,"[36.1614396, 120.4935835]"
Belo Horizonte  Minas Gerais,104,https://upload.wikimedia.org/wikipedia/commons/thumb/6/69/Stadion_Belo_Horizonte_Halbfinale_WM_2014_%2822117986076%29.jpg/250px-Stadion_Belo_Horizonte_Halbfinale_WM_2014_%2822117986076%29.jpg,South America,Brazil,Estádio Governador Magalhães Pinto,0,Atlético Mineiro  Cruzeiro EC,"[-19.8659115, -43.9710434]"
Riyadh,105,https://upload.wikimedia.org/wikipedia/commons/thumb/2/2b/%E3%82%AD%E3%83%B3%E3%82%B0%E3%83%95%E3%82%A1%E3%83%8F%E3%83%89%E5%9B%BD%E9%9A%9B%E3%82%B9%E3%82%BF%E3%82%B8%E3%82%A2%E3%83%A0.jpg/250px-%E3%82%AD%E3%83%B3%E3%82%B0%E3%83%95%E3%82%A1%E3%83%8F%E3%83%89%E5%9B%BD%E9%9A%9B%E3%82%B9%E3%82%BF%E3%82%B8%E3%82%A2%E3%83%A0.jpg,West Asia,Saudi Arabia,King Fahd International Stadium,0,Saudi Arabia national football team  Al-Hilal  Al-Nassr  Al-Shabab,"[24.7885806, 46.8391449]"
Chicago,106,https://upload.wikimedia.org/wikipedia/commons/thumb/8/8b/The_Refurbished_Soldier_Field.jpg/250px-The_Refurbished_Soldier_Field.jpg,North America,United States,Soldier Field,0,Chicago Bears,"[41.8623356, -87.6176477]"
Nanjing  Jiangsu,107,https://upload.wikimedia.org/wikipedia/commons/thumb/b/b5/Nanjing_Olympic_Sports_Center_inner_view_%282016%29.jpg/250px-Nanjing_Olympic_Sports_Center_inner_view_%282016%29.jpg,East Asia,China,Nanjing Olympic Sports Centre Stadium,0,,"[32.0106825, 118.7197543]"
Liverpool  England,108,https://upload.wikimedia.org/wikipedia/commons/thumb/0/02/Panorama_of_Anfield_with_new_main_stand_%2829676137824%29.jpg/250px-Panorama_of_Anfield_with_new_main_stand_%2829676137824%29.jpg,Europe,England,Anfield,0,Liverpool FC,"[53.4309164, -2.9609313999999998]"
Seville,109,https://upload.wikimedia.org/wikipedia/commons/thumb/6/6d/Estadio_Benito_Villamar%C3%ADn_2018001.jpg/250px-Estadio_Benito_Villamar%C3%ADn_2018001.jpg,Europe,Spain,Estadio Benito Villamarín,0,Real Betis,"[37.3564503, -5.9809176]"
Abuja,110,https://upload.wikimedia.org/wikipedia/commons/thumb/d/d2/Football_heaven.jpg/250px-Football_heaven.jpg,Africa,Nigeria,Abuja Stadium,0,Nigeria national football team,"[9.0643305, 7.4892974]"
Stuttgart,111,https://upload.wikimedia.org/wikipedia/commons/thumb/5/53/Neckarstadion_2011.jpg/250px-Neckarstadion_2011.jpg,Europe,Germany,MHPArena,0,VfB Stuttgart,"[48.7922487, 9.2320857]"
Glasgow,112,https://upload.wikimedia.org/wikipedia/commons/thumb/c/ce/Celtic_park_2.jpg/250px-Celtic_park_2.jpg,Europe,Scotland,Celtic Park,0,Celtic FC,"[55.8501815, -4.2068227]"
Arequipa,113,https://upload.wikimedia.org/wikipedia/commons/thumb/e/ef/OutsideUNSA.jpg/250px-OutsideUNSA.jpg,South America,Peru,Estadio de la UNSA,0,FBC Melgar,"[-16.4073043, -71.5204685]"
London,114,https://upload.wikimedia.org/wikipedia/commons/thumb/d/d1/Emirates_Stadium_-_East_stand_Club_Level.jpg/250px-Emirates_Stadium_-_East_stand_Club_Level.jpg,Europe,England,Emirates Stadium,0,Arsenal,"[51.5550403, -0.1083997]"
Shenzhen  Guangdong,115,https://upload.wikimedia.org/wikipedia/commons/thumb/1/11/%E6%B7%B1%E5%9C%B3%E9%BE%99%E5%B2%97%E5%A4%A7%E8%BF%90%E4%B8%AD%E5%BF%83%E4%BD%93%E8%82%B2%E9%A6%86%E5%86%85%E9%83%A8.jpg/250px-%E6%B7%B1%E5%9C%B3%E9%BE%99%E5%B2%97%E5%A4%A7%E8%BF%90%E4%B8%AD%E5%BF%83%E4%BD%93%E8%82%B2%E9%A6%86%E5%86%85%E9%83%A8.jpg,East Asia,China,Shenzhen Universiade Sports Centre Stadium,0,,"[22.6970397, 114.2123372]"
Montevideo,116,https://upload.wikimedia.org/wikipedia/commons/thumb/9/98/Estadio_Centenario_2021.jpg/250px-Estadio_Centenario_2021.jpg,South America,Uruguay,Estadio Centenario,0,Uruguay national football team,"[-34.8945393, -56.1526841]"
Recife  Pernambuco,117,https://upload.wikimedia.org/wikipedia/commons/thumb/1/1b/Arruda_em_novembro_de_2013.JPG/250px-Arruda_em_novembro_de_2013.JPG,South America,Brazil,Estádio José do Rego Maciel,0,Santa Cruz FC,"[-8.0268093, -34.8911967]"
Dakar,118,https://upload.wikimedia.org/wikipedia/commons/thumb/8/8f/Senegal_1_-_Cameroon_0_-_Stade_L%C3%A9opold_S%C3%A9dar_Senghor.jpg/250px-Senegal_1_-_Cameroon_0_-_Stade_L%C3%A9opold_S%C3%A9dar_Senghor.jpg,Africa,Senegal,Stade Léopold Sédar Senghor,0,Senegal national football team  ASC Jeanne d'Arc,"[14.7467716, -17.451914]"
Al-Khor,119,https://upload.wikimedia.org/wikipedia/en/thumb/7/71/Al_Bayt_Stadium_architecture.jpg/250px-Al_Bayt_Stadium_architecture.jpg,West Asia,Qatar,Al-Bayt Stadium,0,,"[25.6521339, 51.4878055]"
Dar es-Salaam,120,https://upload.wikimedia.org/wikipedia/commons/thumb/e/ef/Tanzania_National_Main_Stadium_Aerial.jpg/250px-Tanzania_National_Main_Stadium_Aerial.jpg,Africa,Tanzania,Benjamin Mkapa National Stadium,0,Tanzania national football team  Young Africans,"[-6.8535747, 39.2732935]"
Hefei  Anhui,121,https://upload.wikimedia.org/wikipedia/commons/thumb/8/8e/Hefei_Olympic_Sports_Center_Stadium.jpg/250px-Hefei_Olympic_Sports_Center_Stadium.jpg,East Asia,China,Hefei Olympic Sports Centre Stadium,0,Anhui Jiufang,"[31.797877, 117.222612]"
Kuwait City,122,https://upload.wikimedia.org/wikipedia/en/thumb/1/18/Jaber_Al-Ahmad_International_Stadium_2019_local.png/250px-Jaber_Al-Ahmad_International_Stadium_2019_local.png,West Asia,Kuwait,Jaber al-Ahmad International Stadium,0,Kuwait national football team,"[29.2714649, 47.9187755]"
Tunis,123,https://upload.wikimedia.org/wikipedia/commons/thumb/0/02/Mozambique-Tunisia_match_2009.jpg/250px-Mozambique-Tunisia_match_2009.jpg,Africa,Tunisia,Hammadi Agrebi Stadium,0,Tunisia national football team,"[36.7477717, 10.27314]"
New Delhi,124,https://upload.wikimedia.org/wikipedia/commons/thumb/a/a0/Jawaharlal_Nehru_Stadium%2C_New_Delhi.png/250px-Jawaharlal_Nehru_Stadium%2C_New_Delhi.png,South Asia,India,Jawaharlal Nehru Stadium,0,,"[28.6430859, 77.2192671]"
Mogadishu,125,https://upload.wikimedia.org/wikipedia/commons/thumb/e/e0/Mogadishustadium.jpg/250px-Mogadishustadium.jpg,Africa,Somalia,Mogadishu Stadium,0,Somalia national football team,"[2.0674672, 45.3354647]"
Lusaka,126,https://upload.wikimedia.org/wikipedia/commons/thumb/f/fe/Inauguration_of_Edgar_Lungu.jpg/250px-Inauguration_of_Edgar_Lungu.jpg,Africa,Zambia,National Heroes Stadium,0,Zambian national football team,"[-15.3695067, 28.273742]"
Eugene  Oregon,127,https://upload.wikimedia.org/wikipedia/commons/thumb/3/34/Autzen_Stadium_at_night.jpg/250px-Autzen_Stadium_at_night.jpg,North America,United States,Autzen Stadium,0,,"[44.0582178, -123.0684379]"
Mabopane  Gauteng,128,https://upload.wikimedia.org/wikipedia/commons/thumb/0/0a/No-image-available.png/480px-No-image-available.png,Africa,South Africa,Odi Stadium,0,,"[-25.5216914, 28.0405651]"
Phnom Penh,129,https://upload.wikimedia.org/wikipedia/commons/thumb/0/0a/No-image-available.png/480px-No-image-available.png,Southeast Asia,Cambodia,Morodok Techo National Stadium,0,Cambodia national football team,"[11.6829771, 104.8763078]"
Shenyang  Liaoning,130,https://upload.wikimedia.org/wikipedia/commons/thumb/5/52/Shenyang_Olympic_Sports_Center_Stadium_drone_view_1.jpg/250px-Shenyang_Olympic_Sports_Center_Stadium_drone_view_1.jpg,East Asia,China,Shenyang Olympic Sports Centre Stadium,0,,"[41.7391127, 123.457442]"
Perth  Western Australia,131,https://upload.wikimedia.org/wikipedia/commons/thumb/c/cb/Perth_Stadium_opening_210118_gnangarra-10.jpg/250px-Perth_Stadium_opening_210118_gnangarra-10.jpg,Oceania,Australia,Optus Stadium,0,Perth Glory FC  Fremantle Dockers  West Coast Eagles,"[-31.9510448, 115.8890756]"
Harare,132,https://upload.wikimedia.org/wikipedia/commons/thumb/a/a6/2003_Harare_Stadium%2C_Zimbabwe_557109164.jpg/250px-2003_Harare_Stadium%2C_Zimbabwe_557109164.jpg,Africa,Zimbabwe,National Sports Stadium,0,Zimbabwe national football team,"[-17.8214149, 30.9950735]"
Guayaquil,133,https://upload.wikimedia.org/wikipedia/commons/thumb/3/30/Estadio_Monumental_de_Barcelona.jpg/250px-Estadio_Monumental_de_Barcelona.jpg,South America,Ecuador,Estadio Monumental Isidro Romero Carbo,0,Barcelona Sporting Club,"[-2.1858223, -79.92497]"
Décines-Charpieu,134,https://upload.wikimedia.org/wikipedia/commons/thumb/c/c4/Stade_Lumi%C3%A8re.jpg/250px-Stade_Lumi%C3%A8re.jpg,Europe,France,Groupama Stadium,0,Olympique Lyonnais,"[45.7653624, 4.9820543]"
Chongqing,135,https://upload.wikimedia.org/wikipedia/commons/thumb/e/e1/Chongqing_Olympic_Stadium.jpg/250px-Chongqing_Olympic_Stadium.jpg,East Asia,China,Chongqing Olympic Sports Centre Stadium,0,,"[29.5286397, 106.5021603]"
Warsaw,136,https://upload.wikimedia.org/wikipedia/commons/thumb/7/76/National_Stadium_panorama.jpg/250px-National_Stadium_panorama.jpg,Europe,Poland,Kazimierz Górski National Stadium,0,Poland national football team,"[52.2333742, 21.0711489]"
Bari  Apulia,137,https://upload.wikimedia.org/wikipedia/commons/thumb/7/7f/Nuoviseggiolinisannicola.jpg/250px-Nuoviseggiolinisannicola.jpg,Europe,Italy,Stadio San Nicola,0,SSC Bari,"[41.0847276, 16.8400849]"
Landover  Maryland,138,https://upload.wikimedia.org/wikipedia/commons/thumb/7/78/FedexField2014.jpg/250px-FedexField2014.jpg,North America,United States,Commanders Field,0,Washington Commanders,"[38.9253129, -76.8815433]"
Frankfurt,139,https://upload.wikimedia.org/wikipedia/commons/thumb/f/f4/Commerzbank-Arena_%28Haupttrib%C3%BCne%29.JPG/250px-Commerzbank-Arena_%28Haupttrib%C3%BCne%29.JPG,Europe,Germany,Deutsche Bank Park,0,Eintracht Frankfurt,"[50.0686103, 8.6454154]"
Seville,140,https://upload.wikimedia.org/wikipedia/commons/thumb/7/7b/Panoramio_-_V%26A_Dudush_-_Estadio_Ol%C3%ADmpico_57_619.jpg/250px-Panoramio_-_V%26A_Dudush_-_Estadio_Ol%C3%ADmpico_57_619.jpg,Europe,Spain,Estadio La Cartuja de Sevilla,0,,"[37.4172352, -6.0046134]"
Raleigh  North Carolina,141,https://upload.wikimedia.org/wikipedia/commons/thumb/2/2e/Carter_Finley_Stadium_at_Sunset.jpg/250px-Carter_Finley_Stadium_at_Sunset.jpg,North America,United States,Carter–Finley Stadium,0,NC State Wolfpack football,"[35.8008464, -78.7196045]"
Buenos Aires,142,https://upload.wikimedia.org/wikipedia/commons/thumb/9/99/La_Bombonera.jpg/250px-La_Bombonera.jpg,South America,Argentina,La Bombonera,0,CA Boca Juniors,"[-34.6355171, -58.3649163]"
Hamburg,143,https://upload.wikimedia.org/wikipedia/commons/thumb/7/79/Volksparkstadion_Panorama.jpg/250px-Volksparkstadion_Panorama.jpg,Europe,Germany,Volkspark­stadion,0,Hamburger SV,"[53.5871535, 9.8987056]"
Córdoba,144,https://upload.wikimedia.org/wikipedia/commons/thumb/d/d9/Estadio_Kempes_luego_de_finalizar_un_partido.jpg/250px-Estadio_Kempes_luego_de_finalizar_un_partido.jpg,South America,Argentina,Estadio Mario Alberto Kempes,0,Talleres de Córdoba  some Belgrano de Córdoba matches.,"[-31.3688468, -64.2461451]"
Jinan  Shandong,145,https://upload.wikimedia.org/wikipedia/commons/thumb/1/1f/JinanOlympic.JPG/250px-JinanOlympic.JPG,East Asia,China,Jinan Olympic Sports Centre Stadium,0,Shandong Taishan,"[36.6563763, 117.1102322]"
Guadalajara  Jalisco,146,https://upload.wikimedia.org/wikipedia/commons/thumb/8/82/Estadio_Jalisco_06022022.jpg/250px-Estadio_Jalisco_06022022.jpg,North America,Mexico,Estadio Jalisco,0,Atlas,"[20.7047861, -103.3276735]"
Edmonton  Alberta,147,https://upload.wikimedia.org/wikipedia/commons/thumb/f/f3/Commonwealth_Stadium.jpg/250px-Commonwealth_Stadium.jpg,North America,Canada,Common­wealth Stadium,0,Edmonton Elks  Canadian men's and women's national teams,"[53.5596586, -113.4764233]"
Los Angeles,148,https://upload.wikimedia.org/wikipedia/commons/thumb/d/d2/Dodger_Stadium_field_from_upper_deck_2015-10-04.jpg/250px-Dodger_Stadium_field_from_upper_deck_2015-10-04.jpg,North America,United States,Dodger Stadium,0,Los Angeles Dodgers,"[34.0736255, -118.2398452]"
Annaba,149,https://upload.wikimedia.org/wikipedia/commons/thumb/8/88/Annaba_Stadium.jpg/250px-Annaba_Stadium.jpg,Africa,Algeria,19 May 1956 Stadium,0,USM Annaba,"[36.8858551, 7.7339276]"
Barcelona  Catalonia,150,https://upload.wikimedia.org/wikipedia/commons/thumb/f/ff/Estadi_Ol%C3%ADmpic_Llu%C3%ADs_Companys_-_Barcelona%2C_Spain_-_Jan_2007.jpg/250px-Estadi_Ol%C3%ADmpic_Llu%C3%ADs_Companys_-_Barcelona%2C_Spain_-_Jan_2007.jpg,Europe,Spain,Estadi Olímpic Lluís Companys,0,,"[41.36472, 2.1556451]"
Avellaneda,151,https://upload.wikimedia.org/wikipedia/commons/thumb/8/8e/Racing_Club_vs._Corinthians_-_CONMEBOL_Sudamericana_2024.jpg/250px-Racing_Club_vs._Corinthians_-_CONMEBOL_Sudamericana_2024.jpg,South America,Argentina,El Cilindro,0,Racing,"[-34.6675758, -58.3685308]"
Porto Alegre  Rio Grande do Sul,152,https://upload.wikimedia.org/wikipedia/commons/thumb/a/a2/Arena_do_Gr%C3%AAmio.jpg/250px-Arena_do_Gr%C3%AAmio.jpg,South America,Brazil,Arena do Grêmio,0,Grêmio FBPA,"[-29.9740429, -51.1951073]"
Bucharest,153,https://upload.wikimedia.org/wikipedia/commons/thumb/1/1a/Stadionul_National_-_National_Arena_3.jpg/250px-Stadionul_National_-_National_Arena_3.jpg,Europe,Romania,Arena Națională,0,Romania national football team,"[44.4372494, 26.1524758]"
Belgrade,154,https://upload.wikimedia.org/wikipedia/commons/thumb/7/70/Zvezda_stadion.jpg/250px-Zvezda_stadion.jpg,Europe,Serbia,Stadion Rajko Mitić,0,Red Star Belgrade  Serbia national football team,"[44.783220299999996, 20.4646751]"
Chorzów,155,https://upload.wikimedia.org/wikipedia/commons/thumb/c/c4/Widok_bramka.jpg/250px-Widok_bramka.jpg,Europe,Poland,Stadion Śląski,0,Poland national football team  Ruch Chorzów,"[50.2882457, 18.9734993]"
Manchester  North West England,156,https://upload.wikimedia.org/wikipedia/commons/thumb/b/b8/Etihad_Stadium.jpg/250px-Etihad_Stadium.jpg,Europe,England,Etihad Stadium,0,Manchester City,"[53.4831448, -2.2005273]"
Nairobi,157,https://upload.wikimedia.org/wikipedia/commons/thumb/9/9c/Inside_the_Kasarani_Stadium.jpg/250px-Inside_the_Kasarani_Stadium.jpg,Africa,Kenya,Moi International Sports Centre,0,Kenya national football team,"[-1.2275475, 36.890182]"
Valencia,158,https://upload.wikimedia.org/wikipedia/commons/thumb/a/af/CAMP_DE_MESTALLA_GRADA_DE_LA_MAR_2014_%282%29.JPG/250px-CAMP_DE_MESTALLA_GRADA_DE_LA_MAR_2014_%282%29.JPG,Europe,Spain,Mestalla,0,Valencia CF,"[39.4745279, -0.3581566]"
Singapore,159,https://upload.wikimedia.org/wikipedia/commons/thumb/f/f5/SingaporeNationalStadiumJapanBrazilFootball.jpg/250px-SingaporeNationalStadiumJapanBrazilFootball.jpg,Southeast Asia,Singapore,National Stadium,0,Singapore national football team,"[1.304491, 103.8743437]"
Kaohsiung,160,https://upload.wikimedia.org/wikipedia/commons/thumb/5/5f/The_Main_Stadium_for_2009_World_Games_panorama.jpg/250px-The_Main_Stadium_for_2009_World_Games_panorama.jpg,East Asia,Taiwan,National Stadium,0,Chinese Taipei national football team,"[22.7028534, 120.2936331]"
Changsha  Hunan,161,https://upload.wikimedia.org/wikipedia/commons/thumb/7/75/Helong_Stadium.jpg/250px-Helong_Stadium.jpg,East Asia,China,He Long Stadium,0,,"[28.181759, 112.9773897]"
Cape Town  Western Cape,162,https://upload.wikimedia.org/wikipedia/commons/thumb/0/06/Cape_Town_Stadium_Inside.jpg/250px-Cape_Town_Stadium_Inside.jpg,Africa,South Africa,Cape Town Stadium,0,Cape Town City FC  DHL Western Cape Stormers,"[-33.9034601, 18.4111458]"
Plovdiv,163,https://upload.wikimedia.org/wikipedia/commons/thumb/0/0c/Plovdiv_Stadium.JPG/250px-Plovdiv_Stadium.JPG,Europe,Bulgaria,Plovdiv Stadium,0,,"[42.1497674, 24.7199114]"
Atlanta,164,https://upload.wikimedia.org/wikipedia/commons/thumb/a/a4/BDS2013.jpg/250px-BDS2013.jpg,North America,United States,Bobby Dodd Stadium,0,Georgia Tech Yellow Jackets football,"[33.772476, -84.3929589]"
Amsterdam,165,https://upload.wikimedia.org/wikipedia/commons/thumb/7/73/Ajax_0_Chelsea_1_%2823Oct19%29.jpg/250px-Ajax_0_Chelsea_1_%2823Oct19%29.jpg,Europe,Netherlands,Johan Cruijff Arena,0,AFC Ajax,"[52.314353, 4.9428431]"
Guangzhou  Guangdong,166,https://upload.wikimedia.org/wikipedia/commons/thumb/1/1f/Tianhe_Stadium.jpg/250px-Tianhe_Stadium.jpg,East Asia,China,Tianhe Stadium,0,,"[23.1405033, 113.3193597]"
Naples,167,https://upload.wikimedia.org/wikipedia/commons/thumb/f/f0/Braciere_olimpico_XXX_Universiade_Napoli_2019.jpg/250px-Braciere_olimpico_XXX_Universiade_Napoli_2019.jpg,Europe,Italy,Stadio Diego Armando Maradona,0,SSC Napoli,"[40.8279773, 14.192889]"
Tianjin,168,https://upload.wikimedia.org/wikipedia/commons/thumb/7/72/Tianjin_Olympic_Center_Stadium.jpg/250px-Tianjin_Olympic_Center_Stadium.jpg,East Asia,China,Tianjin Olympic Sports Centre Stadium,0,Tianjin Teda,"[39.3032619, 117.4163641]"
Düsseldorf,169,https://upload.wikimedia.org/wikipedia/commons/thumb/a/a7/LTU_arena_panorama.jpg/250px-LTU_arena_panorama.jpg,Europe,Germany,MERKUR SPIEL-ARENA,0,Fortuna Düsseldorf,"[51.261629, 6.7331516]"
Tbilisi,170,https://upload.wikimedia.org/wikipedia/commons/thumb/3/38/Boris_Paichadze_Dinamo_Arena%2C_Samtredia_-_Qaraba%C4%9F.jpg/250px-Boris_Paichadze_Dinamo_Arena%2C_Samtredia_-_Qaraba%C4%9F.jpg,West Asia,Georgia,Boris Paitchadze Dinamo Arena,0,Georgia national football team  FC Dinamo Tbilisi,"[41.7230285, 44.7897943]"
Wuhan  Hubei,171,https://upload.wikimedia.org/wikipedia/commons/thumb/6/6d/Wuhan_Sport_Centre_01.jpg/250px-Wuhan_Sport_Centre_01.jpg,East Asia,China,Wuhan Sports Centre Stadium,0,,"[30.5024679, 114.1661281]"
Vancouver  British Columbia,172,https://upload.wikimedia.org/wikipedia/commons/thumb/f/ff/BC_Place_2015_Women%27s_FIFA_World_Cup.jpg/250px-BC_Place_2015_Women%27s_FIFA_World_Cup.jpg,North America,Canada,BC Place Stadium,0,Vancouver Whitecaps FC  BC Lions,"[49.2766905, -123.1120062]"
New York City,173,https://upload.wikimedia.org/wikipedia/commons/thumb/5/5f/YankeeStadium-9-21-22-1.jpg/250px-YankeeStadium-9-21-22-1.jpg,North America,United States,Yankee Stadium,0,New York Yankees  New York City FC,"[40.8295828, -73.9265212]"
Yerevan,174,https://upload.wikimedia.org/wikipedia/commons/thumb/7/71/HrazdanArmeniaTurkey.JPG/250px-HrazdanArmeniaTurkey.JPG,West Asia,Armenia,Hrazdan Stadium,0,FC Ararat Yerevan  Ulisses FC,"[40.1803671, 44.4946703]"
Mönchen­gladbach,175,https://upload.wikimedia.org/wikipedia/commons/thumb/5/5d/Borussia-Park_DEU-FRA_2011.jpg/250px-Borussia-Park_DEU-FRA_2011.jpg,Europe,Germany,BORUSSIA-PARK,0,Borussia Mönchengladbach,"[51.1746249, 6.3854094]"
Durban  KwaZulu-Natal,176,https://upload.wikimedia.org/wikipedia/commons/thumb/9/9c/FIFA_World_Cup_2010_Netherlands_Japan.jpg/250px-FIFA_World_Cup_2010_Netherlands_Japan.jpg,Africa,South Africa,Moses Mabhida Stadium,0,AmaZulu FC  Cell C Durban Sharks,"[-29.8290201, 31.0313741]"
Istanbul,177,https://upload.wikimedia.org/wikipedia/commons/thumb/d/d7/Galatasaray_Arena_North-West_Corner.jpg/250px-Galatasaray_Arena_North-West_Corner.jpg,Europe,Turkey,RAMS Park,0,Galatasaray,"[41.103369, 28.9909522]"
Busan,178,https://upload.wikimedia.org/wikipedia/commons/thumb/7/73/BusanAsiadStadium.jpg/250px-BusanAsiadStadium.jpg,East Asia,South Korea,Busan Asiad Main Stadium,0,Busan IPark,"[35.1900767, 129.0595481]"
Belém  Pará,179,https://upload.wikimedia.org/wikipedia/commons/thumb/6/6e/Mangueir%C3%A3o_em_2023.jpg/250px-Mangueir%C3%A3o_em_2023.jpg,South America,Brazil,Estádio Estadual Jornalista Edgar Augusto Proença,0,Paysandu SC  Clube do Remo  Tuna Luso Brasileira  SC Belem,"[-1.3811727, -48.4439318]"
La Plata,180,https://upload.wikimedia.org/wikipedia/commons/thumb/8/88/EstadioUnicoLaPlata_Interior_June2014.jpg/250px-EstadioUnicoLaPlata_Interior_June2014.jpg,South America,Argentina,Estadio Único Diego Armando Maradona,0,,"[-34.9138408, -57.9890476]"
Adelaide  South Australia,181,https://upload.wikimedia.org/wikipedia/commons/thumb/a/a3/After_Game_Kick_and_Catch_%2813750115664%29.jpg/250px-After_Game_Kick_and_Catch_%2813750115664%29.jpg,Oceania,Australia,Adelaide Oval,0,Adelaide Crows  Port Adelaide Power,"[-34.9155596, 138.5962772]"
Melbourne  Victoria,182,https://upload.wikimedia.org/wikipedia/commons/thumb/7/71/Melbourne_Derby_December_2014.jpg/250px-Melbourne_Derby_December_2014.jpg,Oceania,Australia,Docklands Stadium,0,Western Bulldogs  Essendon  St. Kilda  Carlton  North Melbourne,"[-37.816529, 144.947517]"
Uberlândia  Minas Gerais,183,https://upload.wikimedia.org/wikipedia/commons/thumb/2/2f/Est%C3%A1dio_Parque_do_Sabi%C3%A1.jpg/250px-Est%C3%A1dio_Parque_do_Sabi%C3%A1.jpg,South America,Brazil,Estádio Municipal João Havelange,0,Uberlânia EC,"[-18.915812, -48.2519317]"
Bilbao,184,https://upload.wikimedia.org/wikipedia/commons/thumb/f/f8/San_Mames%2C_Bilbao%2C_Euskal_Herria_-_Basque_Country.jpg/250px-San_Mames%2C_Bilbao%2C_Euskal_Herria_-_Basque_Country.jpg,Europe,Spain,San Mamés,0,Athletic Bilbao,"[43.264204, -2.9493915]"
Aleppo,185,https://upload.wikimedia.org/wikipedia/commons/thumb/b/be/Aleppo_International_Stadium%2C_day_view%2C_2009_%281%29.jpg/250px-Aleppo_International_Stadium%2C_day_view%2C_2009_%281%29.jpg,West Asia,Syria,Aleppo International Stadium,0,Al-Ittihad,"[36.1849318, 37.1176418]"
Lima,186,https://upload.wikimedia.org/wikipedia/commons/thumb/b/b8/Estadio_Nacional_nuevo_07_10_2011.jpg/250px-Estadio_Nacional_nuevo_07_10_2011.jpg,South America,Peru,Estadio Nacional,0,Peru national football team,"[-12.0670683, -77.0338629]"
Hangzhou  Zhejiang,187,https://upload.wikimedia.org/wikipedia/commons/thumb/5/53/Hangzhou-yellow-dragon-stad.jpg/250px-Hangzhou-yellow-dragon-stad.jpg,East Asia,China,Huanglong Stadium,0,Hangzhou FC,"[30.2489634, 120.2052342]"
Brisbane  Queensland,188,https://upload.wikimedia.org/wikipedia/commons/thumb/4/46/Suncorpstadium071006a.JPG/250px-Suncorpstadium071006a.JPG,Oceania,Australia,Suncorp Stadium,0,Brisbane Broncos  Queensland Maroons  Brisbane Roar FC  Queensland Reds,"[-27.4648603, 153.0096055]"
Newcastle upon Tyne  North East,189,https://upload.wikimedia.org/wikipedia/commons/thumb/6/6e/StJamesParkPanorama.jpg/250px-StJamesParkPanorama.jpg,Europe,England,St. James' Park,0,Newcastle United,"[54.9754693, -1.6218737]"
Lisbon,190,https://upload.wikimedia.org/wikipedia/commons/thumb/c/cc/Alvalade0023.jpg/250px-Alvalade0023.jpg,Europe,Portugal,Estádio José Alvalade,0,Sporting CP,"[38.7612164, -9.1607831]"
Durban  KwaZulu-Natal,191,https://upload.wikimedia.org/wikipedia/commons/thumb/b/bc/Kings_Park_panorama.jpg/250px-Kings_Park_panorama.jpg,Africa,South Africa,Kings Park Stadium,0,Lamontville Golden Arrows  Cell C Durban Sharks,"[-29.8248051, 31.0289735]"
Cape Town  Western Cape,192,https://upload.wikimedia.org/wikipedia/commons/thumb/4/48/Proudly_South_African.jpg/250px-Proudly_South_African.jpg,Africa,South Africa,Newlands Stadium,0,,"[-33.9705226, 18.4685626]"
Glasgow,193,https://upload.wikimedia.org/wikipedia/commons/thumb/d/dc/Hampden_Park%2C_January_2023.jpg/250px-Hampden_Park%2C_January_2023.jpg,Europe,Scotland,Hampden Park,0,Scotland national football team  Queen's Park,"[55.826014, -4.2519271]"
Maturín,194,https://upload.wikimedia.org/wikipedia/commons/thumb/8/8d/Monumental_de_maturin_3.jpg/250px-Monumental_de_maturin_3.jpg,South America,Venezuela,Estadio Monumental de Maturín,0,Monagas Sport Club,"[9.7422774, -63.1888854]"
Pretoria  Gauteng,195,https://upload.wikimedia.org/wikipedia/commons/thumb/6/6c/Loftus_Versfeld_Game_Night.JPG/250px-Loftus_Versfeld_Game_Night.JPG,Africa,South Africa,Loftus Versfeld Stadium,0,SuperSport United and Vodacom Pretoria Bulls,"[-25.7532347, 28.2229327]"
Dublin,196,https://upload.wikimedia.org/wikipedia/commons/thumb/a/a1/Aviva_Stadium_Panoramic.jpg/250px-Aviva_Stadium_Panoramic.jpg,Europe,Ireland,Aviva Stadium,0,Leinster Rugby  Republic of Ireland national football team  Ireland national rugby union team,"[53.3352254, -6.2281851]"
Guiyang  Guizhou,197,https://upload.wikimedia.org/wikipedia/commons/thumb/c/c3/Guiyang_Olympic_Sports_Center.jpg/250px-Guiyang_Olympic_Sports_Center.jpg,East Asia,China,Guiyang Olympic Sports Centre Stadium,0,,"[26.6206664, 106.6058467]"
Hohhot  Inner Mongolia,198,https://upload.wikimedia.org/wikipedia/commons/thumb/5/57/Hohhot_City_Stadium.jpg/250px-Hohhot_City_Stadium.jpg,East Asia,China,Hohhot City Stadium,0,,"[40.8511397, 111.6504625]"
Bangkok,199,https://upload.wikimedia.org/wikipedia/commons/thumb/0/06/Rajamangala_Stadium_Panorama.jpg/250px-Rajamangala_Stadium_Panorama.jpg,Southeast Asia,Thailand,Rajamangala National Stadium,0,Thailand national football team,"[13.7554291, 100.6221559]"
Donetsk,200,https://upload.wikimedia.org/wikipedia/en/thumb/8/8c/Donbass_Arena.jpg/250px-Donbass_Arena.jpg,Europe,Ukraine,Donbas Arena,0,,"[48.0211038, 37.8090531]"
İzmir,201,https://upload.wikimedia.org/wikipedia/commons/thumb/e/ec/%C4%B0zmir_Atat%C3%BCrk_Stadyumu.jpg/250px-%C4%B0zmir_Atat%C3%BCrk_Stadyumu.jpg,West Asia,Turkey,İzmir Atatürk Stadyumu,0,Altay SK  Göztepe AŞ,"[38.4349835, 27.1780113]"
Rotterdam,202,https://upload.wikimedia.org/wikipedia/commons/thumb/8/89/Rotterdam_De_Kuip_1.jpg/250px-Rotterdam_De_Kuip_1.jpg,Europe,Netherlands,Stadion Feijenoord,0,Feyenoord,"[51.8938646, 4.5232281]"
Monterrey,203,https://upload.wikimedia.org/wikipedia/commons/thumb/f/f9/Estadio_BBVA.jpg/250px-Estadio_BBVA.jpg,North America,Mexico,Estadio BBVA,0,CF Monterrey,"[25.6691103, -100.2443559]"
Ahvaz,204,https://upload.wikimedia.org/wikipedia/commons/thumb/5/5a/Al-Ghadeer_Stadium.jpg/250px-Al-Ghadeer_Stadium.jpg,West Asia,Iran,Ghadir Stadium,0,Foolad FC,"[31.2462916, 48.7597528]"
Porto Alegre. Rio Grande do Sul,205,https://upload.wikimedia.org/wikipedia/commons/thumb/3/31/Beira-Rio-Stadium-Porto-Alegre-Brazil.jpg/250px-Beira-Rio-Stadium-Porto-Alegre-Brazil.jpg,South America,Brazil,Estádio José Pinheiro Borda,0,SC Internacional,"[-30.0654898, -51.2349178]"
Glasgow,206,https://upload.wikimedia.org/wikipedia/commons/thumb/4/41/Rangers-SM_%281%29.jpg/250px-Rangers-SM_%281%29.jpg,Europe,Scotland,Ibrox Stadium,0,Rangers FC,"[55.8532206, -4.3093239]"
Fukuroi  Shizuoka,207,https://upload.wikimedia.org/wikipedia/commons/thumb/d/d7/Ecopa030304.jpg/250px-Ecopa030304.jpg,East Asia,Japan,Shizuoka Stadium,0,Júbilo Iwata  Shimizu S-Pulse  Shizuoka Blue Revs,"[34.7434304, 137.9707289]"
Vienna,208,https://upload.wikimedia.org/wikipedia/commons/thumb/3/3c/EM_2008_Elfmeter_Kroatien_%C3%96sterreich.jpg/250px-EM_2008_Elfmeter_Kroatien_%C3%96sterreich.jpg,Europe,Austria,Ernst-Happel-Stadion,0,Austria national football team,"[48.2071894, 16.4209171]"
Minneapolis,209,https://upload.wikimedia.org/wikipedia/commons/thumb/c/cf/MNUFCTCF.jpeg/250px-MNUFCTCF.jpeg,North America,United States,Huntington Bank Stadium,0,Minnesota Golden Gophers football,"[44.976539700000004, -93.2240767]"
Tizi Ouzou,210,https://upload.wikimedia.org/wikipedia/commons/thumb/e/e2/Tizi_Ouzou_Stadium_at_night.jpg/250px-Tizi_Ouzou_Stadium_at_night.jpg,Africa,Algeria,Hocine Ait Ahmed Stadium,0,JS Kabylie,"[36.7291289, 4.0126574]"
Puebla,211,https://upload.wikimedia.org/wikipedia/commons/thumb/2/24/Rampa_norte.jpg/250px-Rampa_norte.jpg,North America,Mexico,Estadio Cuauhtémoc,0,Puebla FC,"[19.0780307, -98.1643653]"
Solna,212,https://upload.wikimedia.org/wikipedia/commons/thumb/2/2b/FriendsArena_SwedenSpain.jpg/250px-FriendsArena_SwedenSpain.jpg,Europe,Sweden,Strawberry Arena,0,Sweden men's national football team  AIK Fotboll,"[59.3725039, 18.0016672]"
Istanbul,213,https://upload.wikimedia.org/wikipedia/commons/thumb/6/67/Sukrusaracoglu.jpg/250px-Sukrusaracoglu.jpg,West Asia,Turkey,Ülker Stadyumu,0,Fenerbahçe,"[41.006381, 28.9758715]"
Palo Alto  California,214,https://upload.wikimedia.org/wikipedia/commons/thumb/d/da/2008-1115-006-USC-Stanford-PAN.jpg/250px-2008-1115-006-USC-Stanford-PAN.jpg,North America,United States,Stanford Stadium,0,,"[37.4345264, -122.1619867]"
Villeneuve-d'Ascq,215,https://upload.wikimedia.org/wikipedia/commons/thumb/9/90/Mauroy_Stadium_Eurobasket_2015.JPG/250px-Mauroy_Stadium_Eurobasket_2015.JPG,Europe,France,Stade Pierre-Mauroy,0,Lille OSC,"[50.6119044, 3.130508]"
Brussels,216,https://upload.wikimedia.org/wikipedia/commons/thumb/a/a4/Stade_Roi_Baudouin.JPG/250px-Stade_Roi_Baudouin.JPG,Europe,Belgium,Stade Roi Baudouin,0,Belgium national football team,"[50.8957221, 4.3341279]"
Xi'an  Shaanxi,217,https://upload.wikimedia.org/wikipedia/commons/thumb/0/0a/No-image-available.png/480px-No-image-available.png,East Asia,China,Shaanxi Province Stadium,0,,"[34.2340542, 108.9365826]"
Chofu  Tokyo,218,https://upload.wikimedia.org/wikipedia/commons/thumb/5/5c/Ajinomoto_Stadium_2018-13.jpg/250px-Ajinomoto_Stadium_2018-13.jpg,East Asia,Japan,Ajinomoto Stadium,0,FC Tokyo  Tokyo Verdy  Tokyo Sungoliath  Toshiba Brave Lupus Tokyo,"[35.6641865, 139.5270752]"
Porto,219,https://upload.wikimedia.org/wikipedia/commons/thumb/b/b8/Porto_Est%C3%A1dio_do_Drag%C3%A3o_2.jpg/250px-Porto_Est%C3%A1dio_do_Drag%C3%A3o_2.jpg,Europe,Portugal,Estádio do Dragão,0,FC Porto,"[41.1618235, -8.5837492]"
Salvador  Bahia,220,https://upload.wikimedia.org/wikipedia/commons/thumb/3/35/Arena_Fonte_Nova_External_View.jpg/250px-Arena_Fonte_Nova_External_View.jpg,South America,Brazil,Casa de Apostas Arena Fonte Nova,0,EC Bahia,"[-12.9787926, -38.5035601]"
Kinshasa,221,https://upload.wikimedia.org/wikipedia/commons/thumb/0/0a/No-image-available.png/480px-No-image-available.png,Africa,DR Congo,Stade Tata Raphaël,0,AS Vita Club  DC Motema Pembe,"[-4.3379266, 15.3226297]"
Sousse,222,https://upload.wikimedia.org/wikipedia/commons/thumb/b/be/Stade_olympique_de_Sousse.jpg/250px-Stade_olympique_de_Sousse.jpg,Africa,Tunisia,Stade Olympique de Sousse,0,Étoile du Sahel,"[35.8234702, 10.6135481]"
Cologne,223,https://upload.wikimedia.org/wikipedia/commons/thumb/8/82/FIFA_WM06_Stadion_Koeln.jpg/250px-FIFA_WM06_Stadion_Koeln.jpg,Europe,Germany,Rhein­Energie­STADION,0,1. FC Köln,"[50.9335055, 6.8751166999999995]"
Harbin  Heilongjiang,224,https://upload.wikimedia.org/wikipedia/commons/thumb/0/0a/No-image-available.png/480px-No-image-available.png,East Asia,China,Harbin Sports City Centre Stadium,0,,"[45.7807221, 126.6364189]"
Trivandrum,225,https://upload.wikimedia.org/wikipedia/commons/thumb/3/35/Greenfield_International_Stadium_Kerala.jpg/250px-Greenfield_International_Stadium_Kerala.jpg,South Asia,India,Greenfield International Stadium,0,,"[8.5723164, 76.8847502]"
Kozhikode,226,https://upload.wikimedia.org/wikipedia/commons/thumb/1/1b/Kozhikode_EMS_Stadium.jpg/250px-Kozhikode_EMS_Stadium.jpg,South Asia,India,EMS Stadium,0,India national football team  Gokulam Kerala FC,"[11.2563999, 75.7856251]"
Lucknow,227,https://upload.wikimedia.org/wikipedia/commons/thumb/6/60/K_D_Singh_Babu_Stadium.jpg/250px-K_D_Singh_Babu_Stadium.jpg,South Asia,India,KD Singh Babu Stadium,0,,"[26.8553535, 80.9376841]"
Auckland,228,https://upload.wikimedia.org/wikipedia/commons/thumb/e/e6/Auckland_EdenPark.jpg/250px-Auckland_EdenPark.jpg,Oceania,New Zealand,Eden Park,0,Auckland Blues  New Zealand Warriors,"[-36.8750352, 174.7440567]"
Luanda,229,https://upload.wikimedia.org/wikipedia/commons/thumb/6/6b/Football_stadium_%286178263468%29.jpg/250px-Football_stadium_%286178263468%29.jpg,Africa,Angola,Estádio 11 de Novembro,0,Angola national football team  Primeiro de Agosto  Petro Luanda,"[-8.969921, 13.2835311]"
Zhengzhou  Henan,230,https://upload.wikimedia.org/wikipedia/commons/thumb/0/0a/No-image-available.png/480px-No-image-available.png,East Asia,China,Henan Provincial Stadium,0,,"[34.8374127, 113.6228562]"
Nanchang  Jiangxi,231,https://upload.wikimedia.org/wikipedia/commons/thumb/0/0a/No-image-available.png/480px-No-image-available.png,East Asia,China,Jiangxi Olympic Sports Center,0,,"[28.6472124, 116.0348483]"
Nuremberg,232,https://upload.wikimedia.org/wikipedia/commons/thumb/1/15/Frankenstadion_2.JPG/250px-Frankenstadion_2.JPG,Europe,Germany,Max-Morlock-Stadion,0,1. FC Nürnberg,"[49.4262569, 11.1256706]"
Tripoli,233,https://upload.wikimedia.org/wikipedia/commons/thumb/7/77/11_June_Stadium_BenTaher.jpg/250px-11_June_Stadium_BenTaher.jpg,Africa,Libya,June 11 Stadium,0,Libya  Al-Ahly SC  Al-Ittihad Tripoli  Al-Madina SC,"[32.8598956, 13.135806]"
Urumqi  Xinjiang,234,https://upload.wikimedia.org/wikipedia/commons/thumb/0/0a/No-image-available.png/480px-No-image-available.png,East Asia,China,Xinjiang Sports Centre Stadium,0,,"[43.8407522, 87.5264865]"
Pyongyang,235,https://upload.wikimedia.org/wikipedia/commons/thumb/3/39/North_Korea_v_Philippines%2C_8_October_2015_F.png/250px-North_Korea_v_Philippines%2C_8_October_2015_F.png,East Asia,North Korea,Kim Il-sung Stadium,0,Pyongyang City Sports Club,"[39.0438585, 125.7577377]"
Hiroshima,236,https://upload.wikimedia.org/wikipedia/commons/thumb/3/3e/Big_Arch_Stadium_Panorama.jpg/250px-Big_Arch_Stadium_Panorama.jpg,East Asia,Japan,EDION Stadium Hiroshima,0,Sanfrecce Hiroshima,"[34.4015066, 132.4545843]"
Shiraz,237,https://upload.wikimedia.org/wikipedia/commons/thumb/b/be/Pars_Stadium_Photos_Image_6.jpg/250px-Pars_Stadium_Photos_Image_6.jpg,West Asia,Iran,Pars Shiraz Stadium,0,Fajr Sepasi Shiraz FC,"[29.6060218, 52.5378041]"
Bamako,238,https://upload.wikimedia.org/wikipedia/commons/thumb/1/10/Stade_du_26-mars.png/250px-Stade_du_26-mars.png,Africa,Mali,Stade du 26 mars,0,Stade Malien,"[12.6043766, -7.9217374]"
Dakar,239,https://upload.wikimedia.org/wikipedia/commons/thumb/0/0a/No-image-available.png/480px-No-image-available.png,Africa,Senegal,Stade Abdoulaye Wade,0,Senegal national football team,"[14.7327571, -17.2014923]"
Kuala Terengganu,240,https://upload.wikimedia.org/wikipedia/commons/thumb/0/00/Sultan_Mizan_Zainal_Abidin_Stadium_%28Night%29_2021.jpg/250px-Sultan_Mizan_Zainal_Abidin_Stadium_%28Night%29_2021.jpg,Southeast Asia,Malaysia,Sultan Mizan Zainal Abidin Stadium,0,Terengganu FA,"[5.3697135, 103.1056812]"
Guadalajara,241,https://upload.wikimedia.org/wikipedia/commons/thumb/f/f1/Omnilife_Stadium.png/250px-Omnilife_Stadium.png,North America,Mexico,Estadio Akron,0,C.D. Guadalajara,"[20.6818469, -103.4626718]"
Lusaka,242,https://upload.wikimedia.org/wikipedia/commons/thumb/0/0a/No-image-available.png/480px-No-image-available.png,Africa,Zambia,Levy Mwanawasa Stadium,0,Zesco United,"[-12.9755312, 28.6112268]"
Kaiserslautern,243,https://upload.wikimedia.org/wikipedia/commons/thumb/1/18/Kaiserslautern_18.JPG/250px-Kaiserslautern_18.JPG,Europe,Germany,Fritz-Walter-Stadion,0,1. FC Kaiserslautern,"[49.4345765, 7.7766303]"
Buenos Aires,244,https://upload.wikimedia.org/wikipedia/commons/thumb/3/33/Argentina_A_vs_Inglaterra_A_02.JPG/250px-Argentina_A_vs_Inglaterra_A_02.JPG,South America,Argentina,Estadio José Amalfitani,0,CA Vélez Sársfield,"[-34.6353382, -58.5206788]"
Beirut,245,https://upload.wikimedia.org/wikipedia/commons/thumb/a/a8/Camille_Chamoun_Sports_City_Stadium_2018_-_Beirut_derby_%28Nejmeh_fans%29.png/250px-Camille_Chamoun_Sports_City_Stadium_2018_-_Beirut_derby_%28Nejmeh_fans%29.png,West Asia,Lebanon,Camille Chamoun Sports City Stadium,0,Lebanon national football team  Al Ahed FC  Al Ansar FC  Nejmeh SC,"[33.8670781, 35.4951176]"
Rifu  Miyagi,246,https://upload.wikimedia.org/wikipedia/commons/thumb/9/9b/MiyagiStadiumTrackField.jpg/250px-MiyagiStadiumTrackField.jpg,East Asia,Japan,Miyagi Stadium,0,Vegalta Sendai,"[38.3353606, 140.9504567]"
Incheon,247,https://upload.wikimedia.org/wikipedia/commons/thumb/d/df/Munhak_Stadium_Corner.jpg/250px-Munhak_Stadium_Corner.jpg,East Asia,South Korea,Incheon Munhak Stadium,0,,"[37.4350773, 126.6907516]"
Hanover,248,https://upload.wikimedia.org/wikipedia/commons/thumb/9/9e/HDI_Arena%2C_WM_Stadion_2006.jpg/250px-HDI_Arena%2C_WM_Stadion_2006.jpg,Europe,Germany,Heinz-von-Heiden-Arena,0,Hannover 96,"[52.360026, 9.7310161]"
Paris,249,https://upload.wikimedia.org/wikipedia/commons/thumb/8/89/PSG-Nantes_Parc_des_Princes_05.jpg/250px-PSG-Nantes_Parc_des_Princes_05.jpg,Europe,France,Parc des Princes,0,Paris Saint-Germain,"[48.8413634, 2.2530693]"
Sunderland  Tyne and Wear,250,https://upload.wikimedia.org/wikipedia/commons/thumb/7/7d/Stadium_of_Light%2C_Sunderland_afc.jpg/250px-Stadium_of_Light%2C_Sunderland_afc.jpg,Europe,England,Stadium of Light,0,Sunderland AFC,"[54.9143953, -1.3882579]"
Santiago,251,https://upload.wikimedia.org/wikipedia/commons/thumb/1/15/Adios_Matador.jpg/250px-Adios_Matador.jpg,South America,Chile,Estadio Nacional,0,Chile national football team  CF Universidad de Chile,"[-33.4623809, -70.6062176]"
Port Elizabeth  Eastern Cape,252,https://upload.wikimedia.org/wikipedia/commons/thumb/9/9b/Nelson_Mandela_Stadium_in_Port_Elizabeth_%28cropped%29.jpg/250px-Nelson_Mandela_Stadium_in_Port_Elizabeth_%28cropped%29.jpg,Africa,South Africa,Nelson Mandela Bay Stadium,0,Chippa United FC,"[-33.937792, 25.5994087]"
Buenos Aires,253,https://upload.wikimedia.org/wikipedia/commons/thumb/3/3c/Estadio_huracan_interior_tribuna_gcba.jpg/250px-Estadio_huracan_interior_tribuna_gcba.jpg,South America,Argentina,Estadio Tomás Adolfo Ducó,0,CA Huracán,"[-34.6434539, -58.3965026]"
Islamabad,254,https://upload.wikimedia.org/wikipedia/commons/thumb/1/12/Jinnah_Sports_Stadium_track_and_field.jpg/250px-Jinnah_Sports_Stadium_track_and_field.jpg,South Asia,Pakistan,Jinnah Sports Stadium,0,Pakistan national football team,"[33.7004059, 73.0928604]"
Avellaneda,255,https://upload.wikimedia.org/wikipedia/commons/thumb/b/b3/Estadio_Libertadores_de_America_2014.JPG/250px-Estadio_Libertadores_de_America_2014.JPG,South America,Argentina,Estadio Libertadores de América,0,Club Atlético Independiente,"[-34.6702227, -58.3710378]"
Bloemfontein  Free State,256,https://upload.wikimedia.org/wikipedia/commons/thumb/9/9e/Free_State_Stadium1.jpg/250px-Free_State_Stadium1.jpg,Africa,South Africa,Free State Stadium,0,Bloemfontein Celtic  Toyota Cheetahs,"[-29.1172351, 26.2087696]"
Osaka,257,https://upload.wikimedia.org/wikipedia/commons/thumb/3/3e/Nagai_stadium20040717.jpg/250px-Nagai_stadium20040717.jpg,East Asia,Japan,Nagai Stadium,0,Cerezo Osaka  NTT DoCoMo Red Hurricanes Osaka,"[34.6153577, 135.5165441]"
São Paulo  São Paulo,258,https://upload.wikimedia.org/wikipedia/commons/thumb/6/64/Corinthians_x_Gr%C3%AAmio_-_Brasileir%C3%A3o_2016.jpg/250px-Corinthians_x_Gr%C3%AAmio_-_Brasileir%C3%A3o_2016.jpg,South America,Brazil,Neo Química Arena,0,Corinthians,"[-23.5453328, -46.4743055]"
Toronto  Ontario,259,https://upload.wikimedia.org/wikipedia/commons/thumb/7/79/Toronto_-_ON_-_Rogers_Centre2.jpg/250px-Toronto_-_ON_-_Rogers_Centre2.jpg,North America,Canada,Rogers Centre,0,Toronto FC  Toronto Argonauts,"[43.6416599, -79.3891976]"
Santiago,260,https://upload.wikimedia.org/wikipedia/commons/thumb/0/0e/Estadio_Monumental_2009.jpg/250px-Estadio_Monumental_2009.jpg,South America,Chile,Estadio Monumental,0,Colo-Colo,"[-33.5064372, -70.6059468]"
Florence,261,https://upload.wikimedia.org/wikipedia/commons/thumb/a/aa/Soccer_in_Florence%2C_Italy%2C_2007.jpg/250px-Soccer_in_Florence%2C_Italy%2C_2007.jpg,Europe,Italy,Stadio Artemio Franchi,0,ACF Fiorentina,"[43.3216868, 11.326179]"
Lanús,262,https://upload.wikimedia.org/wikipedia/commons/thumb/1/1e/Editat%C3%B3n_Club_Lan%C3%BAs_-_Instalaciones_%288%29.JPG/250px-Editat%C3%B3n_Club_Lan%C3%BAs_-_Instalaciones_%288%29.JPG,South America,Argentina,Estadio Ciudad de Lanús – Néstor Díaz Pérez,0,CA Lanús,"[-34.7176585, -58.3839562]"
Barranquilla,263,https://upload.wikimedia.org/wikipedia/commons/thumb/b/b0/Estadio_Metropolitano_de_Baranquilla_2011.jpg/250px-Estadio_Metropolitano_de_Baranquilla_2011.jpg,South America,Colombia,Estadio Metropolitano Roberto Meléndez,0,Colombia national football team  Atlético Junior,"[10.9269548, -74.8005111]"
Rio de Janeiro  Rio de Janeiro,264,https://upload.wikimedia.org/wikipedia/commons/thumb/a/a8/Est%C3%A1dio_Municipal_Jo%C3%A3o_Havelange_14072007.jpg/250px-Est%C3%A1dio_Municipal_Jo%C3%A3o_Havelange_14072007.jpg,South America,Brazil,Estádio Olímpico Nilton Santos,0,Botafogo FR,"[-22.893194, -43.2935691]"
São Lourenço da Mata  Pernambuco,265,https://upload.wikimedia.org/wikipedia/commons/thumb/6/62/Panorama_of_Arena_Pernambuco.jpg/250px-Panorama_of_Arena_Pernambuco.jpg,South America,Brazil,Itaipava Arena Pernambuco,0,Náutico,"[-8.0407296, -35.0082334]"
Belo Horizonte  Minas Gerais,266,https://upload.wikimedia.org/wikipedia/commons/thumb/5/54/Arena_MRV_em_obras_vista_da_Via_Expressa_%28dezembro_de_2022%29.jpg/250px-Arena_MRV_em_obras_vista_da_Via_Expressa_%28dezembro_de_2022%29.jpg,South America,Brazil,Arena MRV,0,C Atlético Mineiro,"[-19.9300116, -44.0138813]"
Presidente Prudente  São Paulo,267,https://upload.wikimedia.org/wikipedia/commons/thumb/c/c0/Derby_Paulista_%28Corinthians-Palmeiras%29_Paulist%C3%A3o_2009.jpg/250px-Derby_Paulista_%28Corinthians-Palmeiras%29_Paulist%C3%A3o_2009.jpg,South America,Brazil,Estádio Paulo Constantino,0,Grêmio Prudente,"[-22.098568, -51.4150621]"
Medellín,268,https://upload.wikimedia.org/wikipedia/commons/thumb/4/4a/Atanasio_Girardot_Stadium.jpg/250px-Atanasio_Girardot_Stadium.jpg,South America,Colombia,Estadio Atanasio Girardot,0,Atlético Nacional  Independiente Medellín,"[6.2568266999999995, -75.5901467]"
Seville,269,https://upload.wikimedia.org/wikipedia/commons/thumb/1/17/Sevilla2-1Lega20182.jpg/250px-Sevilla2-1Lega20182.jpg,Europe,Spain,Estadio Ramón Sánchez Pizjuán,0,Sevilla FC,"[37.3840876, -5.9706309]"
Agadir,270,https://upload.wikimedia.org/wikipedia/commons/thumb/5/51/Stade-Adrar2019.png/250px-Stade-Adrar2019.png,Africa,Morocco,Adrar Stadium,0,Hassania Agadir  Morocco national team,"[30.4274409, -9.540254000000001]"
Moscow,271,https://upload.wikimedia.org/wikipedia/commons/thumb/6/62/Match_veteranov_Spartaka_%2813%29.jpg/250px-Match_veteranov_Spartaka_%2813%29.jpg,Europe,Russia,Lukoil Arena,0,Spartak Moscow,"[55.8175885, 37.4406099]"
Marrakesh,272,https://upload.wikimedia.org/wikipedia/commons/thumb/0/0d/Stade_de_marrakech.jpg/250px-Stade_de_marrakech.jpg,Africa,Morocco,Grand stade de Marrakech,0,Kawkab Marrakech  Morocco national team,"[31.7069985, -7.9803776]"
Kampala,273,https://upload.wikimedia.org/wikipedia/commons/thumb/3/3c/Mandela_National_Stadium%2C_Uganda.JPG/250px-Mandela_National_Stadium%2C_Uganda.JPG,Africa,Uganda,Mandela National Stadium,0,Uganda national football team,"[0.3472441, 32.6588627]"
Wrocław,274,https://upload.wikimedia.org/wikipedia/commons/thumb/a/a3/Wroc%C5%82aw_Municipal_Stadium_-_Euro_2012_%28panorama%29.jpg/250px-Wroc%C5%82aw_Municipal_Stadium_-_Euro_2012_%28panorama%29.jpg,Europe,Poland,Tarczyński Arena Wrocław,0,Śląsk Wrocław,"[51.1411861, 16.9438067]"
Kazan,275,https://upload.wikimedia.org/wikipedia/commons/thumb/5/56/Poland_v._Colombia_%2842095441565%29.jpg/250px-Poland_v._Colombia_%2842095441565%29.jpg,Europe,Russia,Kazan Arena,0,Rubin Kazan,"[55.8231963, 49.1641317]"
Cusco,276,https://upload.wikimedia.org/wikipedia/commons/thumb/1/10/Estadio_garcilaso_cienciano.jpg/250px-Estadio_garcilaso_cienciano.jpg,South America,Peru,Estadio Inca Garcilaso de la Vega,0,CS Cienciano  Deportivo Garcilaso  Cusco FC,"[-13.5255188, -71.9664761]"
Sidi Bel Abbès,277,https://upload.wikimedia.org/wikipedia/commons/thumb/b/b1/Stade_24_F%C3%A9vrier_1956.jpg/250px-Stade_24_F%C3%A9vrier_1956.jpg,Africa,Algeria,24 February 1956 Stadium,0,USM Bel Abbès,"[34.682268, -0.43575549999999996]"
Maputo,278,https://upload.wikimedia.org/wikipedia/commons/thumb/0/0a/No-image-available.png/480px-No-image-available.png,Africa,Mozambique,Estádio da Machava,0,Mozambique national football team,"[-25.9174099, 32.5263788]"
Surabaya  East Java,279,https://upload.wikimedia.org/wikipedia/commons/thumb/0/0a/No-image-available.png/480px-No-image-available.png,Southeast Asia,Indonesia,Stadion Gelora Bung Tomo,0,Persebaya Surabaya,"[-7.2231559, 112.6227833]"
Banda Aceh  Aceh,280,https://upload.wikimedia.org/wikipedia/commons/thumb/0/0a/No-image-available.png/480px-No-image-available.png,Southeast Asia,Indonesia,Stadion Harapan Banga,0,Persiraja  Aceh United,"[5.5527974, 95.3000921]"
Asunción,281,https://upload.wikimedia.org/wikipedia/commons/thumb/c/c4/Estadio_General_Pablo_Rojas.jpg/250px-Estadio_General_Pablo_Rojas.jpg,South America,Paraguay,Estadio General Pablo Rojas,0,Club Cerro Porteño,"[-25.2999926, -57.6376558]"
Latakia,282,https://upload.wikimedia.org/wikipedia/commons/thumb/0/0a/No-image-available.png/480px-No-image-available.png,West Asia,Syria,Latakia Sports City Stadium,0,,"[35.5200185, 35.7781044]"
Zibo  Shandong,283,https://upload.wikimedia.org/wikipedia/commons/thumb/0/0a/No-image-available.png/480px-No-image-available.png,East Asia,China,Zibo Sports Centre Stadium,0,,"[36.8132476, 117.9828384]"
Weifang  Shandong,284,https://upload.wikimedia.org/wikipedia/commons/thumb/0/0a/No-image-available.png/480px-No-image-available.png,East Asia,China,Weifang Sports Centre Stadium,0,,"[36.7290476, 119.0630983]"
Yantai  Shandong,285,https://upload.wikimedia.org/wikipedia/commons/thumb/0/0a/No-image-available.png/480px-No-image-available.png,East Asia,China,Yantai Sports Park Stadium,0,,"[37.462892, 121.4535599]"
Seremban,286,https://upload.wikimedia.org/wikipedia/commons/thumb/f/f5/Stadium_Tuanku_Abdul_Rahman%2C_Paroi.jpg/250px-Stadium_Tuanku_Abdul_Rahman%2C_Paroi.jpg,Southeast Asia,Malaysia,Stadium Tuanku Abdul Rahman,0,ATM FA  Negeri Sembilan,"[2.7262398, 101.9826177]"
Fes,287,https://upload.wikimedia.org/wikipedia/commons/thumb/1/1c/Complexe_sportif_de_F%C3%A8s.jpg/250px-Complexe_sportif_de_F%C3%A8s.jpg,Africa,Morocco,Stade du Complexe sportif de Fès,0,Wydad de Fès  Maghreb de Fès  Morocco national team,"[34.00272, -4.9689618]"
Lagos,288,https://upload.wikimedia.org/wikipedia/commons/thumb/0/0a/No-image-available.png/480px-No-image-available.png,Africa,Nigeria,Lagos National Stadium,0,Nigeria national football team,"[6.4971425, 3.364988]"
Suez,289,https://upload.wikimedia.org/wikipedia/commons/thumb/0/0a/No-image-available.png/480px-No-image-available.png,Africa,Egypt,Egyptian Army Stadium,0,,"[29.974498, 32.537086]"
Toyota City  Aichi,290,https://upload.wikimedia.org/wikipedia/commons/thumb/5/58/JPNxGEO20180623_%283%29.jpg/250px-JPNxGEO20180623_%283%29.jpg,East Asia,Japan,Toyota Stadium,0,Nagoya Grampus  Toyota Verblitz,"[35.0845879, 137.1708735]"
Abu Dhabi,291,https://upload.wikimedia.org/wikipedia/commons/thumb/a/a7/Abu_Dhabi_Zayed_Sports_City_Stadium_2.jpg/250px-Abu_Dhabi_Zayed_Sports_City_Stadium_2.jpg,West Asia,United Arab Emirates,Zayed Sports City Stadium,0,,"[24.4161286, 54.45363]"
Leipzig,292,https://upload.wikimedia.org/wikipedia/commons/thumb/c/ca/Leipzig_stadium.jpg/250px-Leipzig_stadium.jpg,Europe,Germany,Red Bull Arena,0,RB Leipzig,"[51.3457078, 12.3482361]"
Teresina,293,https://upload.wikimedia.org/wikipedia/commons/thumb/0/0a/No-image-available.png/480px-No-image-available.png,South America,Brazil,Estádio Governador Alberto Tavares Silva,0,River AC  EC Flamengo  Piauí EC  SE Tiradentes  Auto EC,"[-5.0874608, -42.8049571]"
Campo Grande  Mato Grosso do Sul,294,https://upload.wikimedia.org/wikipedia/commons/thumb/f/fa/0253l.jpg/250px-0253l.jpg,South America,Brazil,Estádio Universitário Pedro Pedrossian,0,EC Comercial  Operário FC,"[-20.4640173, -54.6162947]"
Ulsan,295,https://upload.wikimedia.org/wikipedia/commons/thumb/b/b2/Munsu_20121110_204310_5.jpg/250px-Munsu_20121110_204310_5.jpg,East Asia,South Korea,Ulsan Munsu Football Stadium,0,Ulsan HD FC,"[35.535263, 129.2594949]"
Cuiabá  Mato Grosso,296,https://upload.wikimedia.org/wikipedia/commons/thumb/1/1c/Arena_Pantanal.jpg/250px-Arena_Pantanal.jpg,South America,Brazil,Arena Pantanal,0,Cuiabá  Mixto EC,"[-15.604064900000001, -56.1222989]"
Manaus  Amazonas,297,https://upload.wikimedia.org/wikipedia/commons/thumb/4/43/Arena_Amaz%C3%B4nia_Manaus.jpg/250px-Arena_Amaz%C3%B4nia_Manaus.jpg,South America,Brazil,Arena da Amazônia,0,Nacional FC,"[-3.0831132, -60.0280052]"
Suwon,298,https://upload.wikimedia.org/wikipedia/commons/thumb/2/2e/20121003_Suwon_vs_Seoul.jpg/250px-20121003_Suwon_vs_Seoul.jpg,East Asia,South Korea,Suwon World Cup Stadium,0,Suwon Samsung Bluewings,"[37.2864084, 127.036805]"
Pekanbaru  Riau,299,https://upload.wikimedia.org/wikipedia/commons/thumb/4/4b/Riau_Main_Stadium_%28cropped%29.JPG/250px-Riau_Main_Stadium_%28cropped%29.JPG,Southeast Asia,Indonesia,Stadion Utama Riau,0,PSPS Pekanbaru,"[0.4836139, 101.3896017]"
São Paulo  São Paulo,300,https://upload.wikimedia.org/wikipedia/commons/thumb/9/95/Imagens_da_Cidade_de_S%C3%A3o_Paulo_e_Zool%C3%B3gico_da_Capital_Paulista._%2847480340301%29.jpg/250px-Imagens_da_Cidade_de_S%C3%A3o_Paulo_e_Zool%C3%B3gico_da_Capital_Paulista._%2847480340301%29.jpg,South America,Brazil,Allianz Parque,0,SE Palmeiras,"[-23.5274971, -46.6785281]"
Jinan  Shandong,301,https://upload.wikimedia.org/wikipedia/commons/thumb/4/49/SHANGDONGSPORTS.jpg/250px-SHANGDONGSPORTS.jpg,East Asia,China,Shandong Provincial Stadium,0,,"[36.6464766, 117.0057846]"
Gdańsk,302,https://upload.wikimedia.org/wikipedia/commons/thumb/1/17/Gda%C5%84sk%2C_Stadion_PGE_Arena_-_fotopolska.eu_%28326975%29.jpg/250px-Gda%C5%84sk%2C_Stadion_PGE_Arena_-_fotopolska.eu_%28326975%29.jpg,Europe,Poland,Polsat Plus Arena Gdańsk,0,Lechia Gdańsk,"[54.3899193, 18.6404]"
Buenos Aires,303,https://upload.wikimedia.org/wikipedia/commons/thumb/1/10/Platea_Este_Nuevo_Gasometro_1.jpg/250px-Platea_Este_Nuevo_Gasometro_1.jpg,South America,Argentina,Estadio Pedro Bidegain,0,CA San Lorenzo de Almagro,"[-34.6520908, -58.4401364]"
Poznań,304,https://upload.wikimedia.org/wikipedia/commons/thumb/c/c0/Stadion_Miejski_w_Poznaniu_2013_panorama.jpg/250px-Stadion_Miejski_w_Poznaniu_2013_panorama.jpg,Europe,Poland,Stadion Miejski w Poznaniu,0,Lech Poznań  Warta Poznań,"[52.4082663, 16.9335199]"
Sofia,305,https://upload.wikimedia.org/wikipedia/commons/thumb/9/93/Vasil_Levski_National_Stadium_2022.jpg/250px-Vasil_Levski_National_Stadium_2022.jpg,Europe,Bulgaria,Vasil Levski National Stadium,0,Bulgaria national football team,"[42.6875707, 23.3352431]"
Lima,306,https://upload.wikimedia.org/wikipedia/commons/thumb/a/a3/UNMSM_Estadio_San_Marcos_-_2019.png/250px-UNMSM_Estadio_San_Marcos_-_2019.png,South America,Peru,Estadio Universidad San Marcos,0,Deportivo Universidad San Marcos,"[-12.0459808, -77.0305912]"
Gothenburg,307,https://upload.wikimedia.org/wikipedia/commons/thumb/8/8d/Ullevi_stadium%2C_23_june_2018.png/250px-Ullevi_stadium%2C_23_june_2018.png,Europe,Sweden,Ullevi,0,Sweden women's national football team,"[57.7059197, 11.9873276]"
Jinzhou,308,https://upload.wikimedia.org/wikipedia/commons/thumb/0/0a/No-image-available.png/480px-No-image-available.png,East Asia,China,Jinzhou Binhai Sports Centre Stadium,0,,"[40.8723509, 121.0644041]"
Cúcuta,309,https://upload.wikimedia.org/wikipedia/commons/thumb/4/46/Cucuta704.jpg/250px-Cucuta704.jpg,South America,Colombia,Estadio General Santander,0,Cúcuta Deportivo,"[7.8946627, -72.5018525]"
Birmingham  West Midlands,310,https://upload.wikimedia.org/wikipedia/commons/thumb/a/a1/Villa_Stadion_panorama_2016.jpg/250px-Villa_Stadion_panorama_2016.jpg,Europe,England,Villa Park,0,Aston Villa,"[52.5091264, -1.8850354]"
Perak,311,https://upload.wikimedia.org/wikipedia/commons/thumb/d/dc/Perak_Stadium.JPG/250px-Perak_Stadium.JPG,Southeast Asia,Malaysia,Perak Stadium,0,Perak FA,"[4.6094268, 101.1035452]"
Jeonju,312,https://upload.wikimedia.org/wikipedia/commons/thumb/7/72/%EC%A0%84%EC%A3%BC%EC%9B%94%EB%93%9C%EC%BB%B5%EA%B2%BD%EA%B8%B0%EC%9E%A5.jpg/250px-%EC%A0%84%EC%A3%BC%EC%9B%94%EB%93%9C%EC%BB%B5%EA%B2%BD%EA%B8%B0%EC%9E%A5.jpg,East Asia,South Korea,Jeonju World Cup Stadium,0,Jeonbuk Hyundai Motors FC,"[35.8678074, 127.0645891]"
Curitiba  Paraná,313,https://upload.wikimedia.org/wikipedia/commons/thumb/2/20/Arenadabaixada2.jpg/250px-Arenadabaixada2.jpg,South America,Brazil,Ligga Arena,0,Athletico Paranaense,"[-25.4483457, -49.2768771]"
Bremen,314,https://upload.wikimedia.org/wikipedia/commons/thumb/a/a6/Weserstadion_panorama.JPG/250px-Weserstadion_panorama.JPG,Europe,Germany,Weserstadion,0,SV Werder Bremen,"[53.0664479, 8.8376718]"
Niigata  Niigata,315,https://upload.wikimedia.org/wikipedia/commons/thumb/f/ff/Bigswan080628.JPG/250px-Bigswan080628.JPG,East Asia,Japan,Denka Big Swan Stadium,0,Albirex Niigata,"[37.882576, 139.0591584]"
Mérida,316,https://upload.wikimedia.org/wikipedia/commons/thumb/1/1f/Metropolitanodemeridacopamerica.jpg/250px-Metropolitanodemeridacopamerica.jpg,South America,Venezuela,Estadio Olimpico Metropolitano de Mérida,0,Estudiantes de Mérida,"[8.5558658, -71.2179965]"
Daejeon,317,https://upload.wikimedia.org/wikipedia/commons/thumb/7/76/Daejeon_World_Cup_Stadium.JPG/250px-Daejeon_World_Cup_Stadium.JPG,East Asia,South Korea,Daejeon World Cup Stadium,0,Daejeon Citizen,"[36.3652534, 127.3251074]"
Bordeaux,318,https://upload.wikimedia.org/wikipedia/commons/thumb/7/7f/500px_photo_%28165733217%29.jpeg/250px-500px_photo_%28165733217%29.jpeg,Europe,France,Matmut ATLANTIQUE,0,FC Girondins de Bordeaux,"[47.2207731, -1.5631694]"
Helsinki,319,https://upload.wikimedia.org/wikipedia/commons/thumb/b/b3/Olympiastadion_2_2020-08-12.jpg/250px-Olympiastadion_2_2020-08-12.jpg,Europe,Finland,Helsingin Olympia­stadion,0,Finland national football team,"[60.187003, 24.9272463]"
Goiânia  Goiás,320,https://upload.wikimedia.org/wikipedia/commons/thumb/5/5f/Serra_Dourada_Lotado.jpg/250px-Serra_Dourada_Lotado.jpg,South America,Brazil,Estádio Serra Dourada,0,Goiás Esporte Clube  Vila Nova  Atlético Goianiense,"[-16.6990653, -49.2331878]"
Cali,321,https://upload.wikimedia.org/wikipedia/commons/thumb/9/9b/SportingCali12.png/250px-SportingCali12.png,South America,Colombia,Estadio Deportivo Cali,0,Deportivo Cali,"[3.521681, -76.4170626]"
Guayaquil,322,https://upload.wikimedia.org/wikipedia/commons/thumb/b/bf/Estadio_Modelo_Lleno_2007_-_panoramio.jpg/250px-Estadio_Modelo_Lleno_2007_-_panoramio.jpg,South America,Ecuador,Estadio Modelo Alberto Spencer,0,Club Sport Patria  Club Deportivo Everest  Panamá Sporting Club  Rocafuerte Fútbol Club,"[-2.1789233, -79.8943538]"
Maputo,323,https://upload.wikimedia.org/wikipedia/commons/thumb/0/0a/No-image-available.png/480px-No-image-available.png,Africa,Mozambique,Estádio do Zimpeto,0,Mozambique national football team,"[-25.8276537, 32.5749811]"
Chengdu  Sichuan,324,https://upload.wikimedia.org/wikipedia/commons/thumb/0/02/Chengdu_Sports_Center.JPG/250px-Chengdu_Sports_Center.JPG,East Asia,China,Chengdu Sports Centre Stadium,0,,"[30.659867, 104.063315]"
Phokeng  North West,325,https://upload.wikimedia.org/wikipedia/commons/thumb/6/67/Royal_Bafokeng_Stadium%2C_Phokeng.jpg/250px-Royal_Bafokeng_Stadium%2C_Phokeng.jpg,Africa,South Africa,Royal Bafokeng Stadium,0,,"[-25.5787763, 27.1609204]"
San Nicolás de los Garza,326,https://upload.wikimedia.org/wikipedia/commons/thumb/0/07/Estadio_Universitario_Concachampions.jpg/250px-Estadio_Universitario_Concachampions.jpg,North America,Mexico,Estadio Universitario,0,Tigres de la UANL,"[25.7226067, -100.3119863]"
Santa Fe,327,https://upload.wikimedia.org/wikipedia/commons/thumb/5/59/Estadio_Brigadier_General_Estanislao_L%C3%B3pez_-_Col%C3%B3n_de_Santa_Fe.jpg/250px-Estadio_Brigadier_General_Estanislao_L%C3%B3pez_-_Col%C3%B3n_de_Santa_Fe.jpg,South America,Argentina,Estadio Brigadier General Estanislao López,0,Club Atlético Colón,"[-31.6632166, -60.7252465]"
Rosario,328,https://upload.wikimedia.org/wikipedia/commons/thumb/2/23/Estadio_Marcelo_Bielsa.jpg/250px-Estadio_Marcelo_Bielsa.jpg,South America,Argentina,Estadio Marcelo Bielsa,0,Newell's Old Boys,"[-32.9560673, -60.661413]"
Saint-Étienne,329,https://upload.wikimedia.org/wikipedia/commons/thumb/9/99/St_Etienne_Stade_Geoffroy_Guichard.jpg/250px-St_Etienne_Stade_Geoffroy_Guichard.jpg,Europe,France,Stade Geoffroy-Guichard,0,AS Saint-Étienne,"[45.4607567, 4.3900932]"
Istanbul,330,https://upload.wikimedia.org/wikipedia/commons/thumb/9/94/Vodafone_Park_Panorama.jpg/250px-Vodafone_Park_Panorama.jpg,Europe,Turkey,Vodafone Park,0,Beşiktaş J.K.,"[41.006381, 28.9758715]"
Polokwane,331,https://upload.wikimedia.org/wikipedia/commons/thumb/c/cd/Teams_are_warming_up_%284738980575%29.jpg/250px-Teams_are_warming_up_%284738980575%29.jpg,Africa,South Africa,Peter Mokaba Stadium,0,Polokwane City FC,"[-23.9248058, 29.4679601]"
Rosario,332,https://upload.wikimedia.org/wikipedia/commons/thumb/6/66/Estadio_Gigante_de_Arroyito.jpg/250px-Estadio_Gigante_de_Arroyito.jpg,South America,Argentina,Estadio Gigante de Arroyito,0,Rosario Central,"[-32.914023, -60.674499]"
Ciudad Guayana,333,https://upload.wikimedia.org/wikipedia/en/thumb/a/a0/CTE_Chamay_Aereo_Cut.jpg/250px-CTE_Chamay_Aereo_Cut.jpg,South America,Venezuela,Estadio Cachamay,0,Atlético Club Mineros de Guayana  AC Minervén FC,"[8.3126855, -62.6963395]"
Quito,334,https://upload.wikimedia.org/wikipedia/commons/thumb/f/f6/Cl%C3%A1sico_Liga_de_Quito-Barcelona_de_Guayaquil.JPG/250px-Cl%C3%A1sico_Liga_de_Quito-Barcelona_de_Guayaquil.JPG,South America,Ecuador,Estadio de Liga Deportiva Universitaria,0,LDU,"[-0.10772309999999999, -78.4890768]"
Turin  Piedmont,335,https://upload.wikimedia.org/wikipedia/commons/thumb/0/0e/Juventus_Stadium_in_Turin_-_Champions_League_2013-14_-_Juventus_v_Real_Madrid.jpg/250px-Juventus_Stadium_in_Turin_-_Champions_League_2013-14_-_Juventus_v_Real_Madrid.jpg,Europe,Italy,Allianz Stadium,0,Juventus FC,"[45.1095759, 7.6421338]"
Sapporo  Hokkaido,336,https://upload.wikimedia.org/wikipedia/commons/thumb/f/f1/Sapporo_Dome_001.jpeg/250px-Sapporo_Dome_001.jpeg,East Asia,Japan,Sapporo Dome,0,Hokkaido Consadole Sapporo,"[43.015828, 141.4125064]"
London,337,https://upload.wikimedia.org/wikipedia/commons/thumb/b/b1/Stamford_Bridge%2C_Chelsea_vs_Nottingham_Forest%2C_5_January_2020.jpg/250px-Stamford_Bridge%2C_Chelsea_vs_Nottingham_Forest%2C_5_January_2020.jpg,Europe,England,Stamford Bridge,0,Chelsea,"[51.4816869, -0.1910336]"
Goyang,338,https://upload.wikimedia.org/wikipedia/commons/thumb/e/e1/Goyang_sta_1.JPG/250px-Goyang_sta_1.JPG,East Asia,South Korea,Goyang Stadium,0,,"[37.6764849, 126.7431538]"
La Paz,339,https://upload.wikimedia.org/wikipedia/commons/thumb/9/9d/Hernando_Siles_Stadium_-_La_Paz.jpg/250px-Hernando_Siles_Stadium_-_La_Paz.jpg,South America,Bolivia,Estadio Hernando Siles,0,La Paz FC  Club Bolívar  The Strongest,"[-16.4994503, -68.1228532]"
Lilongwe,340,https://upload.wikimedia.org/wikipedia/commons/thumb/0/0a/No-image-available.png/480px-No-image-available.png,Africa,Malawi,Bingu National Stadium,0,Flames  Big Bullets FC,"[-13.9438618, 33.7531969]"
Nelspruit  Mpumalanga,341,https://upload.wikimedia.org/wikipedia/commons/thumb/2/26/Mbombela_Stadium_arena.jpg/250px-Mbombela_Stadium_arena.jpg,Africa,South Africa,Mbombela Stadium,0,,"[-25.4617294, 30.9296899]"
Maracaibo,342,https://upload.wikimedia.org/wikipedia/commons/thumb/3/38/JPPachenchoRomero-16.jpg/250px-JPPachenchoRomero-16.jpg,South America,Venezuela,Estadio José Pachencho Romero,0,Deportivo JBL del Zulia  Deportivo Rayo Zuliano,"[10.674048299999999, -71.644999]"
Algiers,343,https://upload.wikimedia.org/wikipedia/commons/thumb/1/12/Nelson_Mandela_Stadium.jpg/250px-Nelson_Mandela_Stadium.jpg,Africa,Algeria,Stade Nelson Mandela,0,Algeria national football team,"[36.6939428, 3.1220307]"
Kashima  Ibaraki,344,https://upload.wikimedia.org/wikipedia/commons/thumb/b/bc/Kashima_Soccer_Stadium_5.jpg/250px-Kashima_Soccer_Stadium_5.jpg,East Asia,Japan,Kashima Football Stadium,0,Kashima Antlers,"[35.9920049, 140.6403679]"
Kumasi,345,https://upload.wikimedia.org/wikipedia/commons/thumb/a/a3/Kumasi924.JPG/250px-Kumasi924.JPG,Africa,Ghana,Baba Yara Stadium,0,Asante Kotoko  King Faisal Babes,"[6.68217, -1.6050642]"
Curitiba  Paraná,346,https://upload.wikimedia.org/wikipedia/commons/thumb/7/72/Est%C3%A1dio_Couto_Pereira.jpg/250px-Est%C3%A1dio_Couto_Pereira.jpg,South America,Brazil,Estádio Major Antônio Couto Pereira,0,Coritiba Foot Ball Club,"[-25.4214376, -49.2597567]"
Barcelona,347,https://upload.wikimedia.org/wikipedia/commons/thumb/b/b6/Estadicornellaelprat_1.jpg/250px-Estadicornellaelprat_1.jpg,Europe,Spain,Stage Front Stadium,0,RCD Espanyol,"[41.3478566, 2.0764584]"
Barquisimeto,348,https://upload.wikimedia.org/wikipedia/commons/thumb/1/15/Estadio_Metropolitano_de_Lara.jpg/250px-Estadio_Metropolitano_de_Lara.jpg,South America,Venezuela,Estadio Metropolitano de fútbol de Lara,0,Unión Lara,"[10.0774374, -69.3222293]"
Mendoza,349,https://upload.wikimedia.org/wikipedia/commons/thumb/0/0a/No-image-available.png/480px-No-image-available.png,South America,Argentina,Estadio Malvinas Argentinas,0,Godoy Cruz Antonio Tomba,"[-32.889678, -68.879901]"
Nolokla,350,https://upload.wikimedia.org/wikipedia/commons/thumb/8/87/Lukas_Enembe_Stadium.jpg/250px-Lukas_Enembe_Stadium.jpg,Southeast Asia,Indonesia,Stadion Lukas Enembe,0,Persipura Jayapura,"[-2.5789948, 140.5734834]"
Gwangju,351,https://upload.wikimedia.org/wikipedia/commons/thumb/7/73/Gwangju_World_Cup_Stadium.jpg/250px-Gwangju_World_Cup_Stadium.jpg,East Asia,South Korea,Gwangju World Cup Stadium,0,Gwangju FC,"[35.1337706, 126.8750042]"
Hanoi,352,https://upload.wikimedia.org/wikipedia/commons/thumb/3/39/Kh%C3%A1n_%C4%91%C3%A0i_B_-_S%C3%A2n_v%E1%BA%ADn_%C4%91%E1%BB%99ng_Qu%E1%BB%91c_gia_M%E1%BB%B9_%C4%90%C3%ACnh.jpg/250px-Kh%C3%A1n_%C4%91%C3%A0i_B_-_S%C3%A2n_v%E1%BA%ADn_%C4%91%E1%BB%99ng_Qu%E1%BB%91c_gia_M%E1%BB%B9_%C4%90%C3%ACnh.jpg,Southeast Asia,Vietnam,Sân vận động Quốc gia Mỹ Đình,0,Vietnam national football team,"[21.0205027, 105.7639271]"
Liverpool  North West,353,https://upload.wikimedia.org/wikipedia/commons/thumb/b/b9/Goodison_Park_August_2022.jpg/250px-Goodison_Park_August_2022.jpg,Europe,England,Goodison Park,0,Everton FC,"[53.4386898, -2.9664193]"
São Luís  Maranhão,354,https://upload.wikimedia.org/wikipedia/commons/thumb/d/d0/Est%C3%A1dio_Castel%C3%A3o_em_S%C3%A3o_Lu%C3%ADs%2C_Maranh%C3%A3o%2C_Brasil.jpg/250px-Est%C3%A1dio_Castel%C3%A3o_em_S%C3%A3o_Lu%C3%ADs%2C_Maranh%C3%A3o%2C_Brasil.jpg,South America,Brazil,Estádio Governador João Castelo,0,Sampaio Corrêa FC  Moto Club SL  Maranhão AC,"[-2.5487569, -44.2609513]"
Oran,355,https://upload.wikimedia.org/wikipedia/commons/thumb/e/e5/Stade_de_Oran.jpg/250px-Stade_de_Oran.jpg,Africa,Algeria,Miloud Hadefi Stadium,0,Algeria national football team  MC Oran,"[35.7285311, -0.5494977999999999]"
Montevideo,356,https://upload.wikimedia.org/wikipedia/commons/thumb/8/87/Estadio_Campe%C3%B3n_del_Siglo_setiembre_2021.jpg/250px-Estadio_Campe%C3%B3n_del_Siglo_setiembre_2021.jpg,South America,Uruguay,Estadio Campeón del Siglo,0,Club Atlético Peñarol,"[-34.7979283, -56.0662552]"
Kharkiv,357,https://upload.wikimedia.org/wikipedia/commons/thumb/8/84/Metalist_Stadium_Kharkiv.jpg/250px-Metalist_Stadium_Kharkiv.jpg,Europe,Ukraine,Metalist Stadium,0,FC Metalist Kharkiv  FC Shakhtar Donetsk,"[49.980863, 36.261576]"
Al-Wakrah,358,https://upload.wikimedia.org/wikipedia/commons/thumb/5/57/Visita_ao_est%C3%A1dio_de_futebol_Al_Janoub_1.jpg/250px-Visita_ao_est%C3%A1dio_de_futebol_Al_Janoub_1.jpg,West Asia,Qatar,Al-Janoub Stadium,0,,"[25.1597079, 51.5742271]"
Al-Thumama,359,https://upload.wikimedia.org/wikipedia/en/thumb/d/d6/Al_Thumama_Stadium_%282%29.jpg/250px-Al_Thumama_Stadium_%282%29.jpg,West Asia,Qatar,Al-Thumama Stadium,0,,"[25.2353106, 51.5329152]"
Oran,360,https://upload.wikimedia.org/wikipedia/commons/thumb/6/6a/Stade_Ahmed_Zabana_2.jpg/250px-Stade_Ahmed_Zabana_2.jpg,Africa,Algeria,Ahmed Zabana Stadium,0,MC Oran,"[35.683357, -0.6365156]"
Balikpapan  East Kalimantan,361,https://upload.wikimedia.org/wikipedia/commons/thumb/d/d8/2017-11-14_Batakan.jpg/250px-2017-11-14_Batakan.jpg,Southeast Asia,Indonesia,Stadion Batakan,0,Persiba Balikpapan,"[-1.2331501, 116.9433188]"
Algiers,362,https://upload.wikimedia.org/wikipedia/commons/thumb/3/35/Stade_ali_la_pointe_douera.jpg/250px-Stade_ali_la_pointe_douera.jpg,Africa,Algeria,Ali La Pointe Stadium,0,MC Alger,"[36.7729333, 3.0588445]"
Gresik  East Java,363,https://upload.wikimedia.org/wikipedia/commons/thumb/4/48/Gelora_Joko_Samudro_Stadium_%282016%29.jpg/250px-Gelora_Joko_Samudro_Stadium_%282016%29.jpg,Southeast Asia,Indonesia,Stadion Gelora Joko Samudro,0,Gresik United,"[-7.1855067, 112.6506165]"
Sochi,364,https://upload.wikimedia.org/wikipedia/commons/thumb/e/e4/2017_Confederation_Cup_-_MEXNZL_-_Fisht.jpg/250px-2017_Confederation_Cup_-_MEXNZL_-_Fisht.jpg,Europe,Russia,Fisht Olympic Stadium,0,,"[43.5854823, 39.723109]"
East Hartford  Connecticut,365,https://upload.wikimedia.org/wikipedia/commons/thumb/c/cc/Rentschler_Field_2017.jpg/250px-Rentschler_Field_2017.jpg,North America,United States,Rentschler Field,0,,"[41.7596149, -72.6188369]"
Kochi,366,https://upload.wikimedia.org/wikipedia/commons/thumb/8/83/Jawaharlal_Nehru_Stadium_%28Kochi%29_in_2022.jpg/250px-Jawaharlal_Nehru_Stadium_%28Kochi%29_in_2022.jpg,South Asia,India,Jawaharlal Nehru Stadium,0,Kerala Blasters  India national football team,"[9.9679032, 76.2444378]"
Malacca,367,https://upload.wikimedia.org/wikipedia/commons/thumb/2/20/Stadium_Hang_Jebat_015342.jpg/250px-Stadium_Hang_Jebat_015342.jpg,Southeast Asia,Malaysia,Hang Jebat Stadium,0,Melaka United,"[2.2885304, 102.2330317]"
So Kon Po,368,https://upload.wikimedia.org/wikipedia/commons/thumb/d/db/Hong_Kong_Stadium-1.jpg/250px-Hong_Kong_Stadium-1.jpg,East Asia,Hong Kong,Hong Kong Stadium,0,South China AA,"[22.2742625, 114.1881308]"
Batu Kawan,369,https://upload.wikimedia.org/wikipedia/commons/thumb/9/94/Batu_Kawan_Stadium%2CPenang.jpg/250px-Batu_Kawan_Stadium%2CPenang.jpg,Southeast Asia,Malaysia,Stadium Negeri Pulau Pinang,0,Penang FA,"[5.2614822, 100.4363541]"
Accra,370,https://upload.wikimedia.org/wikipedia/commons/thumb/0/0a/No-image-available.png/480px-No-image-available.png,Africa,Ghana,Accra Sports Stadium,0,Accra Hearts of Oak SC  Great Olympics,"[5.5515153, -0.19233509999999998]"
Kuching,371,https://upload.wikimedia.org/wikipedia/commons/thumb/0/07/Stadium_Sarawak.JPG/250px-Stadium_Sarawak.JPG,Southeast Asia,Malaysia,Sarawak Stadium,0,Sarawak FA,"[1.5885232999999999, 110.3593436]"
Yangon,372,https://upload.wikimedia.org/wikipedia/commons/thumb/1/17/Aungsan_Stadium.jpg/250px-Aungsan_Stadium.jpg,Southeast Asia,Myanmar,Bogyoke Aung San Stadium,0,Yangon United FC,"[16.7838408, 96.1606229]"
Ōita,373,https://upload.wikimedia.org/wikipedia/commons/thumb/1/17/%C5%8Cita_Stadium_2023-03.jpg/250px-%C5%8Cita_Stadium_2023-03.jpg,East Asia,Japan,Resonac Dome Ōita,0,Ōita Trinita,"[33.2007823, 131.6574852]"
Kuantan,374,https://upload.wikimedia.org/wikipedia/commons/thumb/d/d9/Stadium_Pahang.jpg/250px-Stadium_Pahang.jpg,Southeast Asia,Malaysia,Stadium Darul Makmur,0,Pahang FA,"[3.8153888, 103.3236608]"
Doha,375,https://upload.wikimedia.org/wikipedia/en/thumb/1/16/Khalifa_International_Stadium.jpg/250px-Khalifa_International_Stadium.jpg,West Asia,Qatar,Khalifa International Stadium,0,Qatar national football team,"[25.263653, 51.4492245]"
Libreville,376,https://upload.wikimedia.org/wikipedia/commons/thumb/0/0a/No-image-available.png/480px-No-image-available.png,Africa,Gabon,Stade de l’Amitié sino-gabonaise,0,Gabon national football team,"[0.5218802, 9.3929359]"
Karachi,377,https://upload.wikimedia.org/wikipedia/commons/thumb/0/0a/No-image-available.png/480px-No-image-available.png,South Asia,Pakistan,Peoples Football Stadium,0,Pakistan national football team,"[24.8582424, 66.9875836]"
Jamshedpur,378,https://upload.wikimedia.org/wikipedia/commons/thumb/4/4e/J.R.D._Tata_Stadium.jpg/250px-J.R.D._Tata_Stadium.jpg,South Asia,India,JRD Tata Sports Complex Stadium,0,Jamshedpur FC  Tata Football Academy,"[22.8060299, 86.1935297]"
Shenzhen  Guangdong,379,https://upload.wikimedia.org/wikipedia/commons/thumb/9/91/Bao%27an_Stadium.jpg/250px-Bao%27an_Stadium.jpg,East Asia,China,Bao'an Stadium,0,,"[22.5609706, 113.8772183]"
Kunming  Yunnan,380,https://upload.wikimedia.org/wikipedia/commons/thumb/7/79/Kunming_07.JPG/250px-Kunming_07.JPG,East Asia,China,Kunming Tuodong Sports Centre Stadium,0,China national football team,"[25.0898864, 102.9152362]"
Taizhou  Zhejiang,381,https://upload.wikimedia.org/wikipedia/commons/thumb/0/0a/No-image-available.png/480px-No-image-available.png,East Asia,China,Taizhou Sports Centre Stadium,0,,"[28.6496194, 121.395379]"
Wuhu  Anhui,382,https://upload.wikimedia.org/wikipedia/commons/thumb/0/0a/No-image-available.png/480px-No-image-available.png,East Asia,China,Wuhu Olympic Stadium,0,,"[31.1800568, 118.2141777]"
Huizhou  Guangdong,383,https://upload.wikimedia.org/wikipedia/commons/thumb/0/0a/No-image-available.png/480px-No-image-available.png,East Asia,China,Huizhou Olympic Stadium,0,,"[23.035558, 114.4415201]"
